{"stats":{"minecraft:mined":{"minecraft:dark_oak_planks":19,"minecraft:tuff":161,"minecraft:jungle_leaves":2,"minecraft:budding_amethyst":2,"minecraft:dark_oak_fence":10,"minecraft:grass_block":5,"minecraft:jungle_log":45,"luminousworld:grassvariant_2":1,"minecraft:moss_block":1,"minecraft:spawner":3,"minecraft:hay_block":40,"minecraft:dark_oak_trapdoor":11,"minecraft:fire":10,"minecraft:cobbled_deepslate":18,"minecraft:andesite":1,"luminousworld:mossbuds_3":2,"minecraft:dark_oak_stairs":1,"minecraft:vine":1,"minecraft:deepslate_iron_ore":2,"minecraft:stripped_mangrove_wood":13,"minecraft:stone":47,"minecraft:white_wool":10,"born_in_chaos_v1:infected_deepslate_diamond_ore":1,"minecraft:clay":5,"minecraft:torch":7,"minecraft:crafting_table":8,"minecraft:note_block":4,"minecraft:calcite":47,"minecraft:melon":3,"minecraft:nether_brick_slab":1,"minecraft:lightning_rod":1,"minecraft:cobblestone":11,"minecraft:damaged_anvil":1,"minecraft:blue_bed":5,"minecraft:wall_torch":4,"minecraft:amethyst_block":11,"minecraft:diorite":3,"minecraft:red_candle":1,"minecraft:sweet_berry_bush":22,"minecraft:spruce_log":4,"minecraft:birch_door":1,"minecraft:mangrove_planks":1,"minecraft:grass":9,"minecraft:coal_ore":71,"minecraft:oak_log":4,"luminousworld:ishstone":3,"minecraft:cyan_carpet":14,"minecraft:gravel":15,"minecraft:dirt":29,"minecraft:cobweb":11,"minecraft:smooth_basalt":44,"minecraft:stone_bricks":1,"minecraft:oak_leaves":2,"minecraft:cyan_candle":4,"minecraft:deepslate":3252,"minecraft:fern":1},"minecraft:custom":{"minecraft:mob_kills":367,"minecraft:interact_with_crafting_table":36,"minecraft:open_barrel":26,"minecraft:damage_dealt_resisted":42,"minecraft:eat_cake_slice":18,"minecraft:leave_game":2,"minecraft:time_since_death":55744,"minecraft:climb_one_cm":6314,"minecraft:sprint_one_cm":255140,"minecraft:walk_one_cm":334465,"minecraft:damage_blocked_by_shield":2085,"vampirism:interact_with_coffin":1,"minecraft:drop":198,"minecraft:play_noteblock":10,"minecraft:play_time":213126,"minecraft:sneak_time":40544,"minecraft:deaths":15,"minecraft:walk_under_water_one_cm":18518,"minecraft:boat_one_cm":184982,"minecraft:interact_with_brewingstand":1,"minecraft:jump":1499,"minecraft:interact_with_blast_furnace":1,"minecraft:walk_on_water_one_cm":47021,"minecraft:total_world_time":213126,"minecraft:interact_with_furnace":10,"minecraft:tune_noteblock":3,"minecraft:sleep_in_bed":2,"minecraft:time_since_rest":55533,"minecraft:damage_absorbed":40,"minecraft:damage_taken":10258,"minecraft:damage_dealt":73749,"tombstone:cast_on_ally":1,"minecraft:swim_one_cm":23787,"minecraft:fly_one_cm":208421,"minecraft:open_chest":25,"minecraft:crouch_one_cm":93142,"tombstone:undead_killed":355,"minecraft:fall_one_cm":20531},"minecraft:crafted":{"minecraft:oak_planks":16,"vanillaplustools:stone_hammer":3,"minecraft:cooked_chicken":1,"minecraft:cooked_mutton":1,"minecraft:bow":2,"minecraft:stone_pickaxe":29,"minecraft:wheat":406,"minecraft:crafting_table":3,"minecraft:spruce_planks":16,"minecraft:jungle_boat":1,"minecraft:wooden_pickaxe":1,"minecraft:iron_sword":2,"minecraft:mangrove_planks":64,"minecraft:stone_axe":4,"minecraft:air":0,"minecraft:bread":138,"minecraft:jungle_planks":48,"minecraft:oak_boat":1,"minecraft:shield":1,"minecraft:stick":92,"minecraft:iron_ingot":3,"minecraft:wooden_axe":2,"minecraft:stone_sword":3,"minecraft:torch":56},"minecraft:used":{"minecraft:stone_sword":219,"minecraft:shield":36,"minecraft:iron_sword":372,"vanillaplustools:stone_hammer":420,"minecraft:torch":43,"minecraft:dirt":18,"minecraft:chainmail_chestplate":1,"minecraft:diamond_helmet":1,"minecraft:honey_bottle":2,"minecraft:wooden_axe":100,"minecraft:iron_axe":43,"minecraft:rabbit_stew":1,"minecraft:bow":13,"minecraft:hay_block":2,"minecraft:sweet_berries":24,"tombstone:gift":5,"minecraft:cobbled_deepslate":215,"minecraft:cooked_mutton":2,"minecraft:dark_oak_stairs":1,"minecraft:leather_leggings":1,"minecraft:mangrove_planks":12,"minecraft:stone_pickaxe":123,"minecraft:blue_bed":2,"minecraft:wooden_pickaxe":46,"minecraft:leather_chestplate":1,"minecraft:cookie":2,"minecraft:stripped_mangrove_wood":4,"minecraft:jungle_boat":1,"minecraft:golden_apple":1,"minecraft:dark_oak_trapdoor":3,"minecraft:crafting_table":9,"minecraft:cake":1,"minecraft:lightning_rod":1,"minecraft:apple":4,"minecraft:bread":51,"minecraft:melon_slice":7,"minecraft:iron_pickaxe":19,"minecraft:cyan_carpet":40,"tombstone:magic_scroll":5,"minecraft:stone_axe":213,"minecraft:cobblestone":67,"born_in_chaos_v1:rotten_fish":1,"minecraft:chainmail_boots":1,"minecraft:turtle_helmet":1,"minecraft:pumpkin_pie":5,"minecraft:oak_boat":1},"minecraft:dropped":{"vampirism:item_garlic":9,"minecraft:bread":93,"minecraft:moss_block":1,"minecraft:dark_oak_stairs":1,"minecraft:wheat_seeds":1,"luminousworld:ishstone":10,"minecraft:glass_bottle":1,"minecraft:diamond":5,"minecraft:cookie":5,"minecraft:red_nether_brick_slab":13,"minecraft:iron_helmet":2,"minecraft:feather":1,"minecraft:cobblestone":102,"minecraft:apple":1,"minecraft:jungle_planks":10,"minecraft:spruce_door":1,"minecraft:stick":1,"ecologics:walnut_planks":6,"minecraft:dirt":2,"tombstone:bag_of_seeds":2,"minecraft:diorite":2,"minecraft:dark_oak_fence":10,"tombstone:grave_key":1,"minecraft:dark_oak_trapdoor":4,"werewolves:cracked_bone":13,"skilltree:gem":43,"minecraft:mangrove_stairs":2,"tombstone:grave_dust":17,"minecraft:cyan_candle":8,"minecraft:iron_axe":2,"minecraft:string":19,"minecraft:paper":2,"minecraft:dark_oak_planks":8,"minecraft:white_wool":10,"vampirism:garlic_bread":1,"minecraft:gray_carpet":1,"minecraft:redstone":95,"minecraft:cyan_carpet":26,"luminousworld:clovers_1":1,"minecraft:armor_stand":1,"minecraft:bone":61,"minecraft:gravel":2,"minecraft:note_block":3,"minecraft:stone_axe":1,"minecraft:sweet_berries":22,"minecraft:iron_hoe":1,"minecraft:cooked_chicken":2,"naturalist:cooked_venison":1,"minecraft:stone_sword":1,"minecraft:cobbled_deepslate":2514,"minecraft:bowl":1,"minecraft:tuff":57,"minecraft:wheat":1,"minecraft:raw_iron":2,"tombstone:gift":2,"minecraft:rotten_flesh":3,"werewolves:raw_silver":24,"minecraft:oak_planks":1,"minecraft:iron_boots":5,"minecraft:comparator":1,"minecraft:carrot":6,"minecraft:lightning_rod":2,"minecraft:chainmail_chestplate":4,"minecraft:potato":2,"minecraft:hay_block":5,"minecraft:spruce_planks":1,"minecraft:andesite":2,"born_in_chaos_v1:corpse_maggot":4,"minecraft:golden_leggings":1,"minecraft:oak_boat":1,"minecraft:chainmail_boots":1,"born_in_chaos_v1:diamond_termite_shard":6,"minecraft:leather_leggings":1,"minecraft:stone_bricks":1,"minecraft:bow":1,"minecraft:red_nether_bricks":1,"minecraft:arrow":152,"minecraft:stone_pickaxe":1,"minecraft:calcite":10,"supplementaries:flute":1},"minecraft:picked_up":{"minecraft:birch_door":1,"born_in_chaos_v1:diamond_termite_shard":2,"minecraft:iron_chestplate":2,"minecraft:crafting_table":9,"minecraft:wheat":8,"minecraft:rabbit_stew":1,"minecraft:potion":1,"minecraft:iron_axe":2,"minecraft:string":32,"minecraft:dark_oak_trapdoor":8,"minecraft:red_nether_bricks":1,"minecraft:iron_leggings":1,"minecraft:armor_stand":1,"minecraft:cyan_carpet":75,"minecraft:cobbled_deepslate":2688,"alexsmobs:banana":1,"minecraft:spruce_planks":1,"vampirism:garlic_bread":1,"minecraft:oak_boat":1,"minecraft:calcite":10,"minecraft:iron_pickaxe":1,"minecraft:melon_slice":15,"minecraft:chest":1,"minecraft:iron_boots":6,"minecraft:raw_iron":3,"minecraft:stick":31,"minecraft:stripped_mangrove_wood":20,"minecraft:torch":13,"minecraft:note_block":3,"werewolves:raw_silver":24,"minecraft:lightning_rod":3,"minecraft:cookie":10,"tombstone:grave_dust":47,"minecraft:diorite":2,"minecraft:carrot":3,"minecraft:redstone":32,"minecraft:rabbit_foot":2,"minecraft:dark_oak_planks":8,"minecraft:stone_sword":1,"minecraft:arrow":407,"minecraft:honey_bottle":1,"minecraft:mangrove_stairs":2,"minecraft:rotten_flesh":3,"minecraft:pumpkin_pie":1,"minecraft:hay_block":58,"supplementaries:ash":8,"minecraft:white_wool":10,"minecraft:blaze_powder":5,"minecraft:cobblestone":217,"ecologics:walnut_planks":6,"born_in_chaos_v1:corpse_maggot":4,"minecraft:feather":1,"minecraft:jungle_log":43,"minecraft:andesite":3,"luminousworld:ishstone":10,"minecraft:golden_leggings":1,"tombstone:gift":1,"minecraft:potato":1,"minecraft:tuff":57,"minecraft:oak_log":4,"minecraft:chainmail_chestplate":4,"supplementaries:flute":1,"skilltree:gem":26,"minecraft:blue_bed":5,"minecraft:dirt":33,"minecraft:paper":2,"minecraft:cooked_mutton":1,"minecraft:bone":303,"minecraft:gray_carpet":1,"minecraft:stone_bricks":1,"minecraft:bow":4,"minecraft:wheat_seeds":2,"minecraft:rabbit_hide":5,"vampirism:item_garlic":9,"minecraft:iron_ingot":6,"minecraft:cooked_chicken":1,"tombstone:bag_of_seeds":3,"minecraft:rabbit":1,"minecraft:cyan_candle":8,"minecraft:moss_block":1,"minecraft:mangrove_planks":2,"minecraft:iron_sword":3,"minecraft:dark_oak_stairs":4,"minecraft:book":3,"vampirism:pure_salt":1,"naturalist:cooked_venison":1,"luminousworld:clovers_1":2,"minecraft:sweet_berries":43,"minecraft:gravel":2,"minecraft:jungle_planks":39,"minecraft:spruce_log":4,"minecraft:spruce_door":1,"minecraft:barrel":2,"minecraft:bundle":12,"minecraft:iron_hoe":2,"minecraft:diamond":6,"minecraft:stone_axe":1,"minecraft:chainmail_leggings":1,"minecraft:iron_helmet":2,"minecraft:granite":2,"minecraft:golden_apple":1,"minecraft:bread":17,"werewolves:cracked_bone":33,"minecraft:red_nether_brick_slab":13,"tombstone:magic_scroll":6,"minecraft:oak_sapling":1,"born_in_chaos_v1:rotten_fish":1,"minecraft:damaged_anvil":1,"minecraft:chorus_fruit":6,"minecraft:dark_oak_fence":9,"minecraft:coal":132},"minecraft:broken":{"minecraft:stone_sword":2,"minecraft:leather_chestplate":1,"vanillaplustools:stone_hammer":3,"minecraft:iron_sword":1,"minecraft:stone_axe":2,"minecraft:wooden_axe":1},"minecraft:killed":{"earthmobsmod:jumbo_rabbit":2,"minecraft:skeleton":353,"alexsmobs:grizzly_bear":1,"born_in_chaos_v1:diamond_termite":2,"minecraft:zombie":1,"born_in_chaos_v1:corpse_fly":2,"luminousworld:dark_oak_zombie":1}},"DataVersion":3465}