{"stats":{"minecraft:mined":{"minecraft:dark_oak_planks":19,"minecraft:jungle_leaves":2,"minecraft:budding_amethyst":2,"minecraft:grass_block":7,"minecraft:jungle_log":45,"minecraft:spawner":3,"minecraft:dark_oak_trapdoor":11,"minecraft:cobbled_deepslate":18,"minecraft:fire":11,"minecraft:dark_oak_stairs":1,"minecraft:stripped_mangrove_wood":13,"minecraft:waxed_cut_copper_stairs":2,"minecraft:clay":5,"born_in_chaos_v1:infected_deepslate_diamond_ore":1,"minecraft:torch":7,"minecraft:note_block":4,"minecraft:calcite":47,"minecraft:melon":3,"minecraft:nether_brick_slab":1,"minecraft:cobblestone":11,"minecraft:cyan_bed":3,"minecraft:damaged_anvil":1,"minecraft:wall_torch":5,"minecraft:amethyst_block":11,"minecraft:red_candle":1,"minecraft:birch_door":1,"minecraft:grass":13,"minecraft:oak_log":4,"minecraft:dirt":29,"luminousworld:grassvariant_3":2,"minecraft:smooth_basalt":44,"minecraft:oak_leaves":2,"minecraft:cyan_candle":4,"minecraft:deepslate":3252,"minecraft:tuff":161,"luminousworld:grassvariant_4":1,"minecraft:dark_oak_fence":10,"luminousworld:grassvariant_2":3,"minecraft:moss_block":1,"minecraft:hay_block":40,"minecraft:andesite":1,"luminousworld:mossbuds_3":2,"minecraft:deepslate_iron_ore":2,"minecraft:vine":1,"minecraft:smooth_quartz_stairs":1,"minecraft:stone":47,"minecraft:white_wool":10,"minecraft:crafting_table":8,"luminousworld:grassflowers":1,"minecraft:lightning_rod":1,"minecraft:diorite":4,"minecraft:blue_bed":5,"minecraft:sweet_berry_bush":22,"minecraft:spruce_log":4,"minecraft:mangrove_planks":1,"minecraft:coal_ore":71,"luminousworld:ishstone":3,"minecraft:gravel":15,"minecraft:cyan_carpet":14,"minecraft:cobweb":11,"minecraft:stone_bricks":1,"minecraft:fern":1},"minecraft:custom":{"minecraft:interact_with_crafting_table":37,"minecraft:open_barrel":30,"minecraft:eat_cake_slice":18,"minecraft:leave_game":2,"minecraft:time_since_death":15919,"minecraft:sprint_one_cm":303214,"minecraft:damage_blocked_by_shield":2940,"vampirism:interact_with_coffin":1,"minecraft:drop":206,"minecraft:play_noteblock":10,"minecraft:play_time":237126,"minecraft:deaths":18,"minecraft:jump":1831,"minecraft:interact_with_brewingstand":1,"minecraft:walk_on_water_one_cm":52021,"minecraft:interact_with_furnace":18,"minecraft:sleep_in_bed":3,"minecraft:damage_dealt":80997,"minecraft:crouch_one_cm":101045,"tombstone:undead_killed":380,"minecraft:mob_kills":402,"minecraft:damage_dealt_resisted":42,"minecraft:climb_one_cm":6314,"minecraft:walk_one_cm":382781,"minecraft:sneak_time":42478,"minecraft:walk_under_water_one_cm":20365,"minecraft:boat_one_cm":184982,"minecraft:interact_with_blast_furnace":1,"minecraft:total_world_time":237126,"minecraft:tune_noteblock":3,"minecraft:time_since_rest":15722,"minecraft:damage_taken":12584,"minecraft:damage_absorbed":201,"tombstone:cast_on_ally":1,"minecraft:swim_one_cm":24675,"minecraft:fly_one_cm":297413,"minecraft:open_chest":25,"minecraft:fall_one_cm":29709},"minecraft:used":{"minecraft:shield":54,"minecraft:iron_sword":463,"minecraft:honey_bottle":2,"minecraft:rabbit_stew":1,"minecraft:bow":24,"minecraft:hay_block":2,"minecraft:sweet_berries":24,"minecraft:dark_oak_stairs":1,"minecraft:diorite":2,"minecraft:leather_leggings":1,"minecraft:stone_pickaxe":123,"minecraft:mangrove_planks":12,"minecraft:leather_chestplate":1,"minecraft:wooden_pickaxe":46,"luminousworld:groundpebbles_1":1,"minecraft:blue_bed":2,"minecraft:jungle_boat":1,"minecraft:smooth_quartz_stairs":1,"minecraft:cookie":7,"minecraft:golden_apple":6,"minecraft:stripped_mangrove_wood":4,"minecraft:dark_oak_trapdoor":3,"minecraft:lightning_rod":1,"minecraft:melon_slice":7,"minecraft:bread":57,"minecraft:cyan_bed":3,"minecraft:cyan_carpet":40,"born_in_chaos_v1:rotten_fish":1,"minecraft:chainmail_boots":1,"minecraft:oak_boat":1,"minecraft:stone_sword":219,"vanillaplustools:stone_hammer":420,"minecraft:torch":43,"minecraft:dirt":18,"minecraft:chainmail_chestplate":1,"minecraft:diamond_helmet":1,"minecraft:wooden_axe":100,"minecraft:iron_axe":43,"tombstone:gift":5,"minecraft:cobbled_deepslate":215,"minecraft:cooked_mutton":6,"minecraft:crafting_table":10,"supplementaries:bomb":1,"minecraft:cake":1,"minecraft:apple":4,"minecraft:iron_pickaxe":23,"tombstone:magic_scroll":5,"minecraft:stone_axe":213,"minecraft:cobblestone":67,"minecraft:potion":2,"minecraft:turtle_helmet":1,"minecraft:pumpkin_pie":5},"minecraft:crafted":{"minecraft:oak_planks":16,"minecraft:cooked_chicken":1,"minecraft:cooked_mutton":5,"minecraft:bow":2,"minecraft:crafting_table":4,"minecraft:spruce_planks":16,"minecraft:jungle_boat":1,"minecraft:wooden_pickaxe":1,"minecraft:shield":1,"minecraft:stick":100,"minecraft:iron_ingot":3,"minecraft:stone_sword":3,"quark:mangrove_chest":1,"vanillaplustools:stone_hammer":3,"minecraft:leather":4,"minecraft:stone_pickaxe":29,"minecraft:wheat":406,"minecraft:iron_sword":2,"minecraft:mangrove_planks":64,"minecraft:stone_axe":4,"minecraft:bread":138,"minecraft:air":0,"minecraft:jungle_planks":48,"minecraft:oak_boat":1,"minecraft:wooden_axe":2,"minecraft:torch":56},"minecraft:dropped":{"minecraft:moss_block":1,"minecraft:dark_oak_stairs":1,"minecraft:glass_bottle":3,"minecraft:diamond":5,"minecraft:red_nether_brick_slab":13,"minecraft:cookie":5,"minecraft:jungle_planks":10,"ecologics:walnut_planks":6,"minecraft:dirt":2,"tombstone:bag_of_seeds":2,"minecraft:dark_oak_fence":10,"minecraft:dark_oak_trapdoor":4,"minecraft:mangrove_stairs":2,"minecraft:dark_oak_planks":8,"minecraft:white_wool":10,"minecraft:cyan_carpet":26,"luminousworld:clovers_1":1,"minecraft:bone":61,"minecraft:armor_stand":1,"minecraft:gravel":2,"minecraft:note_block":3,"minecraft:stone_axe":1,"minecraft:waxed_cut_copper_stairs":1,"minecraft:cooked_chicken":2,"minecraft:cobbled_deepslate":2514,"naturalist:cooked_venison":1,"minecraft:wheat":1,"tombstone:gift":2,"minecraft:rotten_flesh":3,"werewolves:raw_silver":24,"minecraft:oak_planks":1,"minecraft:carrot":6,"minecraft:chainmail_chestplate":4,"born_in_chaos_v1:corpse_maggot":4,"born_in_chaos_v1:diamond_termite_shard":6,"minecraft:chainmail_boots":2,"minecraft:leather_leggings":1,"minecraft:red_nether_bricks":1,"minecraft:arrow":152,"vampirism:item_garlic":9,"minecraft:bread":93,"minecraft:wheat_seeds":1,"luminousworld:ishstone":10,"minecraft:feather":1,"minecraft:iron_helmet":2,"minecraft:cobblestone":102,"minecraft:apple":1,"minecraft:spruce_door":1,"minecraft:golden_apple":3,"minecraft:stick":1,"minecraft:diorite":2,"tombstone:grave_key":1,"werewolves:cracked_bone":13,"skilltree:gem":43,"tombstone:grave_dust":17,"minecraft:cyan_candle":8,"minecraft:iron_axe":2,"minecraft:chainmail_leggings":1,"minecraft:paper":2,"minecraft:string":19,"vampirism:garlic_bread":1,"minecraft:gray_carpet":1,"minecraft:redstone":95,"minecraft:sweet_berries":22,"minecraft:stone_sword":1,"minecraft:dark_oak_sign":1,"minecraft:bowl":1,"minecraft:tuff":57,"minecraft:raw_iron":2,"minecraft:iron_boots":5,"minecraft:comparator":1,"minecraft:iron_hoe":1,"minecraft:lightning_rod":2,"minecraft:potato":2,"minecraft:hay_block":5,"minecraft:spruce_planks":1,"minecraft:iron_chestplate":1,"minecraft:andesite":2,"minecraft:golden_leggings":1,"minecraft:oak_boat":1,"minecraft:stone_bricks":1,"minecraft:bow":1,"minecraft:stone_pickaxe":1,"minecraft:calcite":10,"supplementaries:flute":1},"minecraft:picked_up":{"minecraft:iron_chestplate":2,"minecraft:birch_door":1,"minecraft:wheat":8,"minecraft:chainmail_boots":1,"minecraft:potion":2,"minecraft:string":44,"minecraft:dark_oak_trapdoor":8,"minecraft:red_nether_bricks":1,"minecraft:iron_leggings":2,"minecraft:armor_stand":1,"minecraft:diamond_leggings":1,"alexsmobs:banana":1,"minecraft:cobbled_deepslate":2688,"minecraft:spruce_planks":1,"vampirism:garlic_bread":1,"minecraft:calcite":10,"minecraft:iron_pickaxe":1,"minecraft:melon_slice":15,"minecraft:smooth_quartz_stairs":1,"minecraft:iron_boots":6,"minecraft:stick":31,"minecraft:torch":14,"minecraft:lightning_rod":3,"tombstone:grave_dust":48,"minecraft:diorite":4,"minecraft:rabbit_foot":2,"minecraft:waxed_cut_copper_stairs":1,"luminousworld:grassflowers":1,"minecraft:stone_sword":1,"minecraft:mangrove_stairs":2,"minecraft:honey_bottle":1,"minecraft:rotten_flesh":7,"supplementaries:ash":8,"minecraft:blaze_powder":5,"minecraft:cobblestone":217,"ecologics:walnut_planks":6,"minecraft:feather":1,"minecraft:andesite":3,"minecraft:jungle_log":43,"minecraft:golden_leggings":1,"minecraft:potato":1,"minecraft:tuff":57,"supplementaries:flute":1,"skilltree:gem":26,"minecraft:dirt":50,"minecraft:bone":344,"minecraft:bow":4,"minecraft:wheat_seeds":2,"vampirism:item_garlic":9,"minecraft:dark_oak_sign":1,"minecraft:diamond_helmet":1,"minecraft:cyan_candle":8,"minecraft:rabbit":1,"minecraft:moss_block":1,"minecraft:jungle_planks":39,"minecraft:cyan_bed":3,"minecraft:barrel":2,"minecraft:bundle":12,"minecraft:iron_hoe":2,"minecraft:diamond":6,"minecraft:granite":2,"minecraft:golden_apple":9,"minecraft:bread":17,"werewolves:cracked_bone":36,"born_in_chaos_v1:rotten_fish":1,"minecraft:oak_sapling":1,"minecraft:dark_oak_fence":9,"minecraft:chorus_fruit":6,"luminousworld:groundpebbles_1":1,"minecraft:crafting_table":9,"born_in_chaos_v1:diamond_termite_shard":2,"minecraft:rabbit_stew":1,"minecraft:iron_axe":2,"minecraft:cyan_carpet":75,"supplementaries:bomb":1,"minecraft:oak_boat":1,"minecraft:light_gray_wool":1,"minecraft:chest":1,"minecraft:raw_iron":3,"minecraft:stripped_mangrove_wood":20,"minecraft:note_block":3,"werewolves:raw_silver":24,"minecraft:cookie":10,"minecraft:redstone":32,"minecraft:carrot":3,"minecraft:dark_oak_planks":8,"minecraft:diamond_chestplate":1,"minecraft:arrow":445,"minecraft:pumpkin_pie":1,"minecraft:diamond_boots":1,"minecraft:hay_block":58,"minecraft:mutton":2,"minecraft:white_wool":10,"born_in_chaos_v1:corpse_maggot":4,"luminousworld:ishstone":10,"minecraft:oak_log":4,"minecraft:chainmail_chestplate":4,"minecraft:blue_bed":5,"minecraft:paper":2,"tombstone:gift":1,"minecraft:cooked_mutton":1,"minecraft:stone_bricks":1,"minecraft:gray_carpet":1,"minecraft:rabbit_hide":5,"minecraft:iron_ingot":6,"minecraft:cooked_chicken":1,"tombstone:bag_of_seeds":3,"minecraft:mangrove_planks":2,"minecraft:iron_sword":4,"minecraft:dark_oak_stairs":4,"minecraft:book":3,"vampirism:pure_salt":1,"naturalist:cooked_venison":1,"luminousworld:clovers_1":2,"minecraft:sweet_berries":43,"minecraft:gravel":2,"minecraft:spruce_log":4,"minecraft:spruce_door":1,"minecraft:stone_axe":1,"minecraft:chainmail_leggings":1,"minecraft:iron_helmet":2,"minecraft:red_nether_brick_slab":13,"tombstone:magic_scroll":7,"minecraft:damaged_anvil":1,"minecraft:coal":132},"minecraft:broken":{"minecraft:diamond_helmet":2,"minecraft:iron_boots":1,"minecraft:iron_chestplate":1,"minecraft:iron_leggings":1,"minecraft:diamond_boots":1,"minecraft:stone_axe":2,"minecraft:iron_sword":1,"minecraft:wooden_axe":1,"minecraft:stone_sword":2,"minecraft:leather_chestplate":1,"minecraft:shield":1,"vanillaplustools:stone_hammer":3},"minecraft:killed":{"earthmobsmod:jumbo_rabbit":2,"minecraft:skeleton":377,"alexsmobs:grizzly_bear":2,"born_in_chaos_v1:diamond_termite":2,"minecraft:zombie":1,"born_in_chaos_v1:corpse_fly":2,"luminousworld:dark_oak_zombie":1,"enemyexpansion:direwolf":1,"luminousworld:firefly":1,"mutantmonsters:creeper_minion":2,"ecologics:squirrel":1,"enemyexpansion:huntsman":1}},"DataVersion":3465}