{"stats":{"minecraft:dropped":{"vampirism:item_garlic":9,"minecraft:bread":93,"minecraft:moss_block":1,"minecraft:wheat_seeds":1,"luminousworld:ishstone":10,"minecraft:glass_bottle":1,"minecraft:diamond":5,"minecraft:cobblestone":101,"minecraft:feather":1,"minecraft:apple":1,"minecraft:jungle_planks":10,"minecraft:spruce_door":1,"minecraft:dirt":2,"tombstone:bag_of_seeds":2,"minecraft:dark_oak_fence":10,"tombstone:grave_key":1,"werewolves:cracked_bone":1,"minecraft:dark_oak_trapdoor":4,"skilltree:gem":43,"tombstone:grave_dust":2,"minecraft:cyan_candle":8,"minecraft:paper":2,"minecraft:dark_oak_planks":7,"minecraft:white_wool":10,"vampirism:garlic_bread":1,"minecraft:cyan_carpet":23,"luminousworld:clovers_1":1,"minecraft:armor_stand":1,"minecraft:redstone":31,"minecraft:gravel":2,"minecraft:sweet_berries":22,"minecraft:cooked_chicken":2,"minecraft:bowl":1,"minecraft:stone_sword":1,"tombstone:gift":2,"minecraft:cobbled_deepslate":2514,"minecraft:tuff":57,"minecraft:wheat":1,"minecraft:raw_iron":2,"minecraft:rotten_flesh":3,"minecraft:comparator":1,"werewolves:raw_silver":24,"minecraft:oak_planks":1,"minecraft:lightning_rod":2,"minecraft:carrot":6,"minecraft:chainmail_chestplate":1,"minecraft:potato":2,"minecraft:hay_block":5,"minecraft:spruce_planks":1,"minecraft:andesite":2,"born_in_chaos_v1:corpse_maggot":4,"minecraft:oak_boat":1,"born_in_chaos_v1:diamond_termite_shard":6,"minecraft:stone_bricks":1,"minecraft:stone_pickaxe":1,"supplementaries:flute":1},"minecraft:picked_up":{"born_in_chaos_v1:diamond_termite_shard":2,"minecraft:crafting_table":9,"minecraft:rabbit_stew":1,"minecraft:string":8,"minecraft:dark_oak_trapdoor":7,"minecraft:armor_stand":1,"minecraft:cyan_carpet":27,"alexsmobs:banana":1,"minecraft:cobbled_deepslate":2685,"minecraft:spruce_planks":1,"vampirism:garlic_bread":1,"minecraft:oak_boat":1,"minecraft:calcite":9,"minecraft:melon_slice":15,"minecraft:iron_boots":2,"minecraft:stick":18,"minecraft:raw_iron":3,"minecraft:stripped_mangrove_wood":11,"minecraft:torch":13,"werewolves:raw_silver":24,"minecraft:lightning_rod":3,"minecraft:cookie":5,"tombstone:grave_dust":10,"minecraft:diorite":2,"minecraft:carrot":3,"minecraft:redstone":31,"minecraft:rabbit_foot":2,"minecraft:dark_oak_planks":7,"minecraft:arrow":27,"minecraft:rotten_flesh":3,"minecraft:honey_bottle":1,"minecraft:pumpkin_pie":1,"minecraft:hay_block":45,"minecraft:cobblestone":216,"minecraft:white_wool":10,"born_in_chaos_v1:corpse_maggot":4,"minecraft:feather":1,"minecraft:jungle_log":43,"minecraft:andesite":3,"luminousworld:ishstone":10,"minecraft:potato":1,"minecraft:tuff":57,"minecraft:oak_log":4,"minecraft:chainmail_chestplate":1,"supplementaries:flute":1,"minecraft:blue_bed":5,"skilltree:gem":26,"minecraft:dirt":33,"minecraft:paper":2,"minecraft:cooked_mutton":1,"minecraft:bone":18,"minecraft:stone_bricks":1,"minecraft:wheat_seeds":2,"minecraft:rabbit_hide":5,"vampirism:item_garlic":9,"minecraft:cooked_chicken":1,"minecraft:mangrove_planks":1,"tombstone:bag_of_seeds":2,"minecraft:cyan_candle":8,"minecraft:dark_oak_stairs":1,"minecraft:rabbit":1,"minecraft:moss_block":1,"minecraft:book":3,"vampirism:pure_salt":1,"luminousworld:clovers_1":2,"minecraft:sweet_berries":43,"minecraft:gravel":2,"minecraft:jungle_planks":39,"minecraft:spruce_log":4,"minecraft:spruce_door":1,"minecraft:bundle":1,"minecraft:diamond":6,"minecraft:stone_axe":1,"minecraft:iron_helmet":1,"minecraft:granite":2,"minecraft:golden_apple":1,"werewolves:cracked_bone":1,"born_in_chaos_v1:rotten_fish":1,"minecraft:oak_sapling":1,"minecraft:damaged_anvil":1,"minecraft:dark_oak_fence":9,"minecraft:coal":129},"minecraft:killed":{"earthmobsmod:jumbo_rabbit":2,"minecraft:skeleton":33,"alexsmobs:grizzly_bear":1,"born_in_chaos_v1:diamond_termite":2,"minecraft:zombie":1,"born_in_chaos_v1:corpse_fly":2,"luminousworld:dark_oak_zombie":1},"minecraft:broken":{"minecraft:stone_sword":1,"minecraft:leather_chestplate":1,"vanillaplustools:stone_hammer":3,"minecraft:wooden_axe":1},"minecraft:crafted":{"minecraft:oak_planks":16,"vanillaplustools:stone_hammer":3,"minecraft:cooked_chicken":1,"minecraft:cooked_mutton":1,"minecraft:stone_pickaxe":29,"minecraft:wheat":297,"minecraft:crafting_table":3,"minecraft:spruce_planks":16,"minecraft:jungle_boat":1,"minecraft:wooden_pickaxe":1,"minecraft:mangrove_planks":28,"minecraft:stone_axe":2,"minecraft:air":0,"minecraft:bread":99,"minecraft:jungle_planks":48,"minecraft:oak_boat":1,"minecraft:stick":84,"minecraft:iron_ingot":3,"minecraft:wooden_axe":2,"minecraft:stone_sword":3,"minecraft:torch":56},"minecraft:mined":{"minecraft:dark_oak_planks":19,"minecraft:tuff":161,"minecraft:jungle_leaves":2,"minecraft:dark_oak_fence":10,"minecraft:budding_amethyst":2,"minecraft:grass_block":5,"minecraft:jungle_log":45,"luminousworld:grassvariant_2":1,"minecraft:moss_block":1,"minecraft:spawner":3,"minecraft:hay_block":40,"minecraft:dark_oak_trapdoor":11,"minecraft:fire":7,"minecraft:cobbled_deepslate":14,"minecraft:andesite":1,"luminousworld:mossbuds_3":2,"minecraft:dark_oak_stairs":1,"minecraft:deepslate_iron_ore":2,"minecraft:vine":1,"minecraft:stripped_mangrove_wood":11,"minecraft:stone":47,"minecraft:white_wool":10,"minecraft:torch":7,"minecraft:clay":5,"minecraft:crafting_table":8,"born_in_chaos_v1:infected_deepslate_diamond_ore":1,"minecraft:note_block":4,"minecraft:calcite":47,"minecraft:melon":3,"minecraft:nether_brick_slab":1,"minecraft:lightning_rod":1,"minecraft:cobblestone":8,"minecraft:damaged_anvil":1,"minecraft:diorite":3,"minecraft:blue_bed":5,"minecraft:wall_torch":4,"minecraft:amethyst_block":11,"minecraft:sweet_berry_bush":22,"minecraft:spruce_log":4,"minecraft:birch_door":1,"minecraft:mangrove_planks":1,"minecraft:grass":9,"minecraft:coal_ore":71,"minecraft:oak_log":4,"luminousworld:ishstone":3,"minecraft:cyan_carpet":12,"minecraft:gravel":15,"minecraft:dirt":29,"minecraft:cobweb":8,"minecraft:smooth_basalt":44,"minecraft:stone_bricks":1,"minecraft:cyan_candle":4,"minecraft:oak_leaves":2,"minecraft:deepslate":3252,"minecraft:fern":1},"minecraft:used":{"minecraft:stone_sword":98,"vanillaplustools:stone_hammer":420,"minecraft:torch":43,"minecraft:dirt":18,"minecraft:chainmail_chestplate":1,"minecraft:diamond_helmet":1,"minecraft:honey_bottle":2,"minecraft:wooden_axe":100,"minecraft:rabbit_stew":1,"minecraft:hay_block":2,"minecraft:sweet_berries":24,"tombstone:gift":3,"minecraft:cobbled_deepslate":215,"minecraft:cooked_mutton":2,"minecraft:dark_oak_stairs":1,"minecraft:leather_leggings":1,"minecraft:mangrove_planks":12,"minecraft:stone_pickaxe":114,"minecraft:leather_chestplate":1,"minecraft:wooden_pickaxe":46,"minecraft:blue_bed":2,"minecraft:jungle_boat":1,"minecraft:cookie":2,"minecraft:stripped_mangrove_wood":4,"minecraft:dark_oak_trapdoor":3,"minecraft:crafting_table":8,"minecraft:lightning_rod":1,"minecraft:cake":1,"minecraft:melon_slice":7,"minecraft:bread":17,"minecraft:cyan_carpet":4,"minecraft:stone_axe":105,"minecraft:cobblestone":67,"born_in_chaos_v1:rotten_fish":1,"minecraft:chainmail_boots":1,"minecraft:turtle_helmet":1,"minecraft:oak_boat":1},"minecraft:custom":{"minecraft:mob_kills":42,"minecraft:interact_with_crafting_table":22,"minecraft:open_barrel":24,"minecraft:damage_dealt_resisted":42,"minecraft:eat_cake_slice":14,"minecraft:leave_game":1,"minecraft:time_since_death":13997,"minecraft:climb_one_cm":6314,"minecraft:sprint_one_cm":243482,"minecraft:walk_one_cm":259474,"vampirism:interact_with_coffin":1,"minecraft:drop":144,"minecraft:play_noteblock":10,"minecraft:play_time":141865,"minecraft:deaths":14,"minecraft:sneak_time":21144,"minecraft:walk_under_water_one_cm":12638,"minecraft:boat_one_cm":184982,"minecraft:interact_with_brewingstand":1,"minecraft:jump":1291,"minecraft:interact_with_blast_furnace":1,"minecraft:walk_on_water_one_cm":23025,"minecraft:total_world_time":141865,"minecraft:interact_with_furnace":10,"minecraft:tune_noteblock":3,"minecraft:sleep_in_bed":2,"minecraft:time_since_rest":13694,"minecraft:damage_taken":6290,"minecraft:damage_dealt":9704,"minecraft:swim_one_cm":23301,"minecraft:fly_one_cm":200283,"minecraft:open_chest":25,"minecraft:crouch_one_cm":48737,"tombstone:undead_killed":35,"minecraft:fall_one_cm":20531}},"DataVersion":3465}