{"stats":{"minecraft:custom":{"minecraft:interact_with_furnace":7,"minecraft:mob_kills":8,"minecraft:interact_with_crafting_table":14,"minecraft:open_barrel":6,"minecraft:damage_dealt_resisted":42,"minecraft:leave_game":1,"minecraft:time_since_death":53337,"minecraft:sleep_in_bed":2,"minecraft:climb_one_cm":3690,"minecraft:time_since_rest":1194,"minecraft:walk_one_cm":106070,"minecraft:sprint_one_cm":129655,"minecraft:damage_taken":846,"vampirism:interact_with_coffin":1,"minecraft:drop":91,"minecraft:damage_dealt":1589,"minecraft:swim_one_cm":20069,"minecraft:fly_one_cm":147861,"minecraft:open_chest":15,"minecraft:crouch_one_cm":19472,"minecraft:play_time":67683,"tombstone:undead_killed":2,"minecraft:deaths":2,"minecraft:sneak_time":8819,"minecraft:walk_under_water_one_cm":1720,"minecraft:boat_one_cm":147767,"minecraft:jump":676,"minecraft:walk_on_water_one_cm":11747,"minecraft:total_world_time":67683,"minecraft:fall_one_cm":12505},"minecraft:dropped":{"vampirism:item_garlic":9,"minecraft:gravel":2,"minecraft:bread":93,"minecraft:wheat_seeds":1,"minecraft:cooked_chicken":2,"minecraft:cobbled_deepslate":2510,"luminousworld:ishstone":10,"minecraft:diamond":5,"minecraft:raw_iron":2,"minecraft:tuff":57,"minecraft:wheat":1,"minecraft:feather":1,"minecraft:cobblestone":98,"werewolves:raw_silver":24,"minecraft:apple":1,"minecraft:jungle_planks":10,"minecraft:carrot":6,"minecraft:chainmail_chestplate":1,"minecraft:potato":2,"tombstone:grave_key":1,"minecraft:andesite":2,"born_in_chaos_v1:diamond_termite_shard":2,"tombstone:grave_dust":2,"minecraft:stone_pickaxe":1,"minecraft:paper":2,"minecraft:white_wool":10,"vampirism:garlic_bread":1,"minecraft:redstone":31,"supplementaries:flute":1,"luminousworld:clovers_1":1},"minecraft:picked_up":{"born_in_chaos_v1:corpse_maggot":2,"born_in_chaos_v1:diamond_termite_shard":2,"minecraft:crafting_table":4,"minecraft:feather":1,"minecraft:jungle_log":43,"minecraft:andesite":3,"luminousworld:ishstone":10,"minecraft:potato":1,"minecraft:chainmail_chestplate":1,"minecraft:tuff":57,"supplementaries:flute":1,"skilltree:gem":6,"minecraft:blue_bed":5,"minecraft:paper":2,"minecraft:wheat_seeds":1,"minecraft:cobbled_deepslate":2682,"alexsmobs:banana":1,"minecraft:rabbit_hide":5,"vampirism:item_garlic":9,"vampirism:garlic_bread":1,"minecraft:cooked_chicken":1,"minecraft:rabbit":1,"minecraft:melon_slice":15,"vampirism:pure_salt":1,"minecraft:stick":8,"minecraft:raw_iron":3,"luminousworld:clovers_1":2,"minecraft:torch":1,"minecraft:gravel":2,"minecraft:jungle_planks":21,"werewolves:raw_silver":24,"tombstone:grave_dust":1,"minecraft:carrot":3,"minecraft:spruce_log":4,"minecraft:redstone":31,"minecraft:rabbit_foot":2,"minecraft:diamond":6,"minecraft:hay_block":33,"minecraft:granite":2,"born_in_chaos_v1:rotten_fish":1,"minecraft:coal":27,"minecraft:cobblestone":125,"minecraft:white_wool":10},"minecraft:broken":{"vanillaplustools:stone_hammer":3,"minecraft:wooden_axe":1},"minecraft:crafted":{"vanillaplustools:stone_hammer":3,"minecraft:crafting_table":2,"minecraft:spruce_planks":16,"minecraft:jungle_boat":1,"minecraft:wooden_pickaxe":1,"minecraft:cooked_chicken":1,"minecraft:cooked_mutton":1,"minecraft:bread":99,"minecraft:air":0,"minecraft:jungle_planks":48,"minecraft:stick":72,"minecraft:iron_ingot":3,"minecraft:stone_pickaxe":28,"minecraft:wooden_axe":2,"minecraft:torch":16,"minecraft:wheat":297},"minecraft:killed":{"born_in_chaos_v1:diamond_termite":2,"earthmobsmod:jumbo_rabbit":2,"minecraft:zombie":1,"born_in_chaos_v1:corpse_fly":2,"luminousworld:dark_oak_zombie":1},"minecraft:used":{"minecraft:cooked_mutton":1,"minecraft:wooden_pickaxe":46,"vanillaplustools:stone_hammer":420,"minecraft:blue_bed":2,"minecraft:jungle_boat":1,"minecraft:torch":17,"minecraft:crafting_table":4,"minecraft:wooden_axe":100,"minecraft:melon_slice":7,"minecraft:bread":7,"born_in_chaos_v1:rotten_fish":1,"tombstone:gift":2,"minecraft:cobbled_deepslate":29},"minecraft:mined":{"minecraft:tuff":161,"minecraft:jungle_leaves":2,"born_in_chaos_v1:infected_deepslate_diamond_ore":1,"minecraft:clay":5,"minecraft:crafting_table":4,"minecraft:budding_amethyst":2,"minecraft:calcite":39,"minecraft:melon":3,"minecraft:jungle_log":45,"luminousworld:grassvariant_2":1,"minecraft:cobblestone":1,"minecraft:wall_torch":1,"minecraft:blue_bed":5,"minecraft:amethyst_block":11,"minecraft:hay_block":33,"minecraft:cobbled_deepslate":9,"minecraft:spruce_log":4,"minecraft:andesite":1,"minecraft:grass":9,"luminousworld:ishstone":3,"minecraft:coal_ore":15,"minecraft:deepslate_iron_ore":2,"minecraft:vine":1,"minecraft:gravel":15,"minecraft:smooth_basalt":44,"minecraft:stone":35,"minecraft:white_wool":10,"minecraft:deepslate":3252}},"DataVersion":3465}