{"stats":{"minecraft:dropped":{"vampirism:item_garlic":9,"minecraft:bread":93,"minecraft:wheat_seeds":1,"luminousworld:ishstone":10,"minecraft:diamond":5,"minecraft:cobblestone":98,"minecraft:feather":1,"minecraft:apple":1,"minecraft:jungle_planks":10,"tombstone:grave_key":1,"tombstone:grave_dust":2,"minecraft:paper":2,"minecraft:white_wool":10,"vampirism:garlic_bread":1,"luminousworld:clovers_1":1,"minecraft:redstone":31,"minecraft:gravel":2,"minecraft:cooked_chicken":2,"minecraft:cobbled_deepslate":2510,"minecraft:tuff":57,"minecraft:wheat":1,"minecraft:raw_iron":2,"werewolves:raw_silver":24,"minecraft:carrot":6,"minecraft:chainmail_chestplate":1,"minecraft:potato":2,"minecraft:andesite":2,"born_in_chaos_v1:diamond_termite_shard":2,"minecraft:stone_pickaxe":1,"supplementaries:flute":1},"minecraft:picked_up":{"born_in_chaos_v1:diamond_termite_shard":2,"minecraft:crafting_table":8,"alexsmobs:banana":1,"minecraft:cobbled_deepslate":2682,"vampirism:garlic_bread":1,"minecraft:oak_boat":1,"minecraft:melon_slice":15,"minecraft:iron_boots":1,"minecraft:stick":18,"minecraft:raw_iron":3,"minecraft:torch":1,"werewolves:raw_silver":24,"tombstone:grave_dust":1,"minecraft:carrot":3,"minecraft:redstone":31,"minecraft:rabbit_foot":2,"minecraft:honey_bottle":1,"minecraft:hay_block":33,"minecraft:cobblestone":198,"minecraft:white_wool":10,"born_in_chaos_v1:corpse_maggot":2,"minecraft:feather":1,"minecraft:jungle_log":43,"minecraft:andesite":3,"luminousworld:ishstone":10,"minecraft:potato":1,"minecraft:tuff":57,"minecraft:oak_log":4,"minecraft:chainmail_chestplate":1,"supplementaries:flute":1,"minecraft:blue_bed":5,"skilltree:gem":17,"minecraft:dirt":25,"minecraft:paper":2,"minecraft:stone_bricks":1,"minecraft:wheat_seeds":2,"minecraft:rabbit_hide":5,"vampirism:item_garlic":9,"minecraft:cooked_chicken":1,"minecraft:rabbit":1,"minecraft:moss_block":1,"vampirism:pure_salt":1,"luminousworld:clovers_1":2,"minecraft:sweet_berries":43,"minecraft:gravel":2,"minecraft:jungle_planks":39,"minecraft:spruce_log":4,"minecraft:diamond":6,"minecraft:granite":2,"born_in_chaos_v1:rotten_fish":1,"minecraft:oak_sapling":1,"minecraft:coal":83},"minecraft:killed":{"earthmobsmod:jumbo_rabbit":2,"alexsmobs:grizzly_bear":1,"born_in_chaos_v1:diamond_termite":2,"minecraft:zombie":1,"born_in_chaos_v1:corpse_fly":2,"luminousworld:dark_oak_zombie":1},"minecraft:broken":{"vanillaplustools:stone_hammer":3,"minecraft:wooden_axe":1},"minecraft:crafted":{"minecraft:oak_planks":16,"vanillaplustools:stone_hammer":3,"minecraft:cooked_chicken":1,"minecraft:cooked_mutton":1,"minecraft:stone_pickaxe":29,"minecraft:wheat":297,"minecraft:crafting_table":3,"minecraft:spruce_planks":16,"minecraft:jungle_boat":1,"minecraft:wooden_pickaxe":1,"minecraft:stone_axe":1,"minecraft:air":0,"minecraft:bread":99,"minecraft:jungle_planks":48,"minecraft:oak_boat":1,"minecraft:stick":76,"minecraft:iron_ingot":3,"minecraft:wooden_axe":2,"minecraft:torch":16},"minecraft:mined":{"minecraft:tuff":161,"minecraft:jungle_leaves":2,"minecraft:budding_amethyst":2,"minecraft:grass_block":4,"minecraft:jungle_log":45,"luminousworld:grassvariant_2":1,"minecraft:moss_block":1,"minecraft:spawner":2,"minecraft:hay_block":33,"minecraft:cobbled_deepslate":10,"minecraft:andesite":1,"luminousworld:mossbuds_3":2,"minecraft:deepslate_iron_ore":2,"minecraft:vine":1,"minecraft:stone":44,"minecraft:white_wool":10,"minecraft:clay":5,"minecraft:crafting_table":7,"born_in_chaos_v1:infected_deepslate_diamond_ore":1,"minecraft:calcite":39,"minecraft:melon":3,"minecraft:cobblestone":1,"minecraft:blue_bed":5,"minecraft:wall_torch":1,"minecraft:amethyst_block":11,"minecraft:sweet_berry_bush":22,"minecraft:spruce_log":4,"minecraft:grass":9,"minecraft:coal_ore":71,"minecraft:oak_log":4,"luminousworld:ishstone":3,"minecraft:gravel":15,"minecraft:dirt":22,"minecraft:smooth_basalt":44,"minecraft:stone_bricks":1,"minecraft:oak_leaves":2,"minecraft:deepslate":3252,"minecraft:fern":1},"minecraft:used":{"vanillaplustools:stone_hammer":420,"minecraft:torch":17,"minecraft:wooden_axe":100,"minecraft:sweet_berries":24,"tombstone:gift":2,"minecraft:cobbled_deepslate":215,"minecraft:cooked_mutton":1,"minecraft:stone_pickaxe":75,"minecraft:wooden_pickaxe":46,"minecraft:blue_bed":2,"minecraft:jungle_boat":1,"minecraft:crafting_table":7,"minecraft:cake":1,"minecraft:melon_slice":7,"minecraft:bread":10,"minecraft:stone_axe":8,"minecraft:cobblestone":9,"born_in_chaos_v1:rotten_fish":1,"minecraft:oak_boat":1},"minecraft:custom":{"minecraft:mob_kills":9,"minecraft:interact_with_crafting_table":16,"minecraft:open_barrel":10,"minecraft:damage_dealt_resisted":42,"minecraft:eat_cake_slice":10,"minecraft:leave_game":1,"minecraft:time_since_death":79519,"minecraft:climb_one_cm":3690,"minecraft:sprint_one_cm":167958,"minecraft:walk_one_cm":158374,"vampirism:interact_with_coffin":1,"minecraft:drop":91,"minecraft:play_noteblock":1,"minecraft:play_time":93865,"minecraft:deaths":2,"minecraft:sneak_time":12619,"minecraft:walk_under_water_one_cm":1916,"minecraft:boat_one_cm":184982,"minecraft:jump":1054,"minecraft:interact_with_blast_furnace":1,"minecraft:walk_on_water_one_cm":11952,"minecraft:total_world_time":93865,"minecraft:interact_with_furnace":10,"minecraft:sleep_in_bed":2,"minecraft:time_since_rest":27376,"minecraft:damage_taken":1406,"minecraft:damage_dealt":2197,"minecraft:swim_one_cm":20131,"minecraft:fly_one_cm":181574,"minecraft:open_chest":18,"minecraft:crouch_one_cm":27479,"tombstone:undead_killed":2,"minecraft:fall_one_cm":18280}},"DataVersion":3465}