{"stats":{"minecraft:killed_by":{"enemyexpansion:sprinter":1},"minecraft:dropped":{"minecraft:brown_mushroom":6,"minecraft:dark_oak_stairs":1,"minecraft:diamond":3,"minecraft:crafting_table":2,"minecraft:stripped_birch_wood":1,"minecraft:leather":5,"minecraft:jungle_planks":18,"sophisticatedbackpacks:gold_backpack":1,"minecraft:dirt":9,"minecraft:dark_oak_fence":1,"minecraft:dark_oak_trapdoor":1,"minecraft:dark_oak_planks":1,"minecraft:cyan_carpet":1,"luminousworld:clovers_1":1,"minecraft:note_block":3,"minecraft:stone_axe":2,"quark:jungle_chest":1,"alexsmobs:animal_dictionary":1,"minecraft:cobbled_deepslate":19,"minecraft:birch_sapling":1,"undead_revamp2:arapholia":1,"tombstone:gift":1,"minecraft:rotten_flesh":3,"werewolves:raw_silver":24,"minecraft:oak_planks":2,"born_in_chaos_v1:corpse_maggot":9,"minecraft:ladder":1,"minecraft:chainmail_boots":1,"minecraft:end_stone_bricks":4,"vampirism:item_garlic":6,"minecraft:wheat_seeds":2,"minecraft:feather":1,"minecraft:iron_helmet":1,"minecraft:cobblestone":138,"minecraft:stick":21,"minecraft:torch":6,"minecraft:wooden_axe":1,"skilltree:gem":7,"minecraft:potion":1,"minecraft:paper":2,"minecraft:string":4,"vampirism:garlic_bread":9,"minecraft:gray_carpet":1,"minecraft:furnace":1,"minecraft:stone_sword":1,"minecraft:bowl":4,"minecraft:tuff":15,"minecraft:iron_boots":3,"minecraft:potato":1,"minecraft:spruce_planks":9,"luminousworld:groundpebbles_1":2,"minecraft:bow":1,"minecraft:stone_pickaxe":4,"minecraft:wooden_pickaxe":1},"minecraft:picked_up":{"minecraft:wooden_axe":1,"minecraft:birch_door":4,"minecraft:black_carpet":10,"minecraft:chainmail_boots":2,"minecraft:potion":1,"tombstone:grave_key":1,"minecraft:polished_deepslate":11,"minecraft:string":19,"minecraft:dark_oak_trapdoor":7,"minecraft:armor_stand":1,"minecraft:red_candle":8,"minecraft:sea_pickle":2,"minecraft:diamond_leggings":1,"minecraft:cobbled_deepslate":965,"minecraft:spruce_planks":15,"vampirism:garlic_bread":1,"minecraft:calcite":33,"minecraft:mangrove_log":1,"minecraft:iron_boots":3,"minecraft:furnace":4,"minecraft:stick":11,"minecraft:birch_trapdoor":7,"minecraft:torch":49,"minecraft:spruce_stairs":1,"minecraft:lightning_rod":6,"tombstone:grave_dust":21,"minecraft:rabbit_foot":1,"minecraft:brown_carpet":20,"minecraft:stone_sword":2,"minecraft:rotten_flesh":14,"minecraft:iron_block":1,"supplementaries:ash":57,"minecraft:stripped_birch_wood":4,"undead_revamp2:arapholia":1,"minecraft:cobblestone":685,"minecraft:birch_log":3,"minecraft:jungle_log":67,"minecraft:andesite":38,"minecraft:potato":1,"minecraft:flint":2,"minecraft:tuff":125,"skilltree:gem":43,"minecraft:dirt":17,"minecraft:bone":62,"minecraft:bow":1,"minecraft:wheat_seeds":3,"minecraft:dark_oak_sign":5,"minecraft:diamond_helmet":2,"minecraft:cyan_candle":6,"minecraft:oak_planks":1,"minecraft:jungle_planks":118,"minecraft:dark_oak_log":34,"minecraft:bundle":1,"minecraft:diamond":3,"minecraft:granite":6,"minecraft:golden_apple":1,"minecraft:spruce_sign":2,"minecraft:bread":46,"minecraft:chainmail_helmet":1,"werewolves:cracked_bone":8,"minecraft:dark_oak_fence":1,"minecraft:end_stone_bricks":8,"sophisticatedbackpacks:gold_backpack":1,"luminousworld:groundpebbles_1":4,"minecraft:crafting_table":20,"born_in_chaos_v1:diamond_termite_shard":4,"minecraft:ladder":7,"minecraft:clay_ball":16,"minecraft:brown_mushroom":9,"minecraft:wooden_pickaxe":1,"minecraft:cooked_rabbit":1,"minecraft:chain":2,"minecraft:iron_axe":1,"minecraft:flint_and_steel":1,"minecraft:iron_shovel":2,"minecraft:cyan_carpet":14,"supplementaries:bomb":2,"minecraft:light_gray_wool":2,"minecraft:birch_sapling":1,"minecraft:piston":1,"minecraft:dark_oak_sapling":1,"minecraft:stripped_mangrove_wood":10,"minecraft:bowl":6,"minecraft:note_block":5,"werewolves:raw_silver":24,"minecraft:dark_oak_planks":52,"minecraft:arrow":57,"minecraft:diamond_chestplate":1,"minecraft:pumpkin_pie":10,"minecraft:diamond_boots":2,"minecraft:hay_block":5,"tombstone:essence_of_undeath":1,"minecraft:white_wool":16,"born_in_chaos_v1:corpse_maggot":11,"minecraft:jungle_boat":4,"luminousworld:ishstone":9,"minecraft:red_mushroom":2,"minecraft:oak_log":4,"tombstone:gift":1,"minecraft:gray_carpet":6,"minecraft:rabbit_hide":2,"minecraft:iron_ingot":16,"minecraft:stone_pickaxe":3,"minecraft:cooked_chicken":1,"minecraft:dark_oak_stairs":1,"minecraft:book":36,"luminousworld:clovers_1":1,"minecraft:gravel":23,"minecraft:blast_furnace":2,"minecraft:white_bed":4,"minecraft:spruce_log":1,"minecraft:spruce_door":1,"minecraft:stone_axe":1,"minecraft:iron_helmet":1,"minecraft:red_nether_brick_slab":1,"tombstone:magic_scroll":1,"minecraft:coal":45},"minecraft:killed":{"undead_revamp2:thewolf":1,"vampirism:vampire":2,"earthmobsmod:jumbo_rabbit":1,"born_in_chaos_v1:zombie_lumberjack":1,"minecraft:skeleton":55,"vampirism:blinding_bat":1,"luminousworld:dark_oak_skeleton":1,"creeperoverhaul:jungle_creeper":1,"earthmobsmod:lobber_zombie":1,"minecraft:zombie":5,"born_in_chaos_v1:corpse_fly":3,"luminousworld:dark_oak_zombie":9,"enemyexpansion:wasp":2,"undead_revamp2:thehunter":2,"born_in_chaos_v1:maggot":6,"born_in_chaos_v1:corpse_fish":1,"undead_revamp2:the_moonflower":1,"born_in_chaos_v1:decrepit_skeleton":3,"minecraft:wither_skeleton":1},"minecraft:broken":{"minecraft:stone_axe":3,"minecraft:stone_sword":3,"minecraft:flint_and_steel":1,"vanillaplustools:stone_hammer":1},"minecraft:crafted":{"minecraft:jungle_button":1,"minecraft:oak_planks":16,"sophisticatedbackpacks:backpack":1,"minecraft:crafting_table":9,"minecraft:spruce_planks":4,"minecraft:jungle_boat":2,"minecraft:wooden_pickaxe":4,"minecraft:birch_planks":16,"minecraft:string":8,"minecraft:shield":1,"minecraft:stick":88,"minecraft:iron_pickaxe":1,"vampirism:coffin_white":1,"minecraft:stone_sword":2,"vanillaplustools:stone_hammer":2,"quark:jungle_chest":3,"minecraft:furnace":3,"minecraft:mushroom_stew":2,"minecraft:leather":9,"minecraft:stone_pickaxe":20,"sophisticatedbackpacks:iron_backpack":1,"minecraft:wheat":45,"minecraft:bowl":4,"sophisticatedbackpacks:gold_backpack":1,"minecraft:mangrove_planks":4,"minecraft:bucket":1,"minecraft:stone_axe":6,"minecraft:jungle_planks":268,"minecraft:bread":15,"minecraft:air":0,"minecraft:wooden_axe":1,"minecraft:white_bed":3,"minecraft:torch":40},"minecraft:mined":{"minecraft:dark_oak_planks":49,"minecraft:red_nether_brick_slab":1,"minecraft:spruce_planks":18,"minecraft:white_bed":4,"minecraft:jungle_leaves":1,"minecraft:red_nether_bricks":5,"minecraft:granite":13,"minecraft:grass_block":6,"minecraft:jungle_log":62,"minecraft:frosted_ice":1,"minecraft:spawner":2,"minecraft:dark_oak_trapdoor":10,"minecraft:iron_ore":13,"minecraft:fire":10,"minecraft:cobbled_deepslate":50,"minecraft:dark_oak_stairs":1,"minecraft:end_stone_bricks":4,"minecraft:stripped_mangrove_wood":12,"minecraft:torch":29,"minecraft:note_block":13,"minecraft:blast_furnace":3,"minecraft:calcite":24,"minecraft:mushroom_stem":5,"minecraft:cobblestone":69,"minecraft:oak_planks":5,"minecraft:wall_torch":12,"minecraft:chain":2,"minecraft:red_candle":4,"minecraft:birch_log":3,"minecraft:birch_trapdoor":7,"minecraft:birch_door":3,"minecraft:grass":8,"minecraft:oak_log":4,"minecraft:loom":2,"minecraft:dirt":12,"luminousworld:grassvariant_3":1,"minecraft:stripped_birch_wood":2,"minecraft:red_mushroom_block":8,"werewolves:silver_ore":12,"minecraft:polished_deepslate_wall":2,"minecraft:piston":3,"minecraft:oak_leaves":3,"minecraft:cyan_candle":3,"minecraft:deepslate":588,"minecraft:tuff":80,"minecraft:dark_oak_leaves":1,"minecraft:dark_oak_log":34,"luminousworld:mossbuds_1":1,"minecraft:dark_oak_fence":1,"luminousworld:grassvariant_2":1,"luminousworld:clovers_2":1,"minecraft:furnace":3,"minecraft:andesite":39,"minecraft:polished_deepslate":14,"minecraft:bookshelf":11,"minecraft:vine":5,"minecraft:stone":679,"minecraft:white_wool":16,"minecraft:brown_carpet":20,"minecraft:crafting_table":21,"minecraft:lightning_rod":6,"minecraft:copper_ore":3,"minecraft:spruce_stairs":1,"minecraft:dark_oak_wall_sign":3,"minecraft:sweet_berry_bush":1,"minecraft:birch_leaves":2,"minecraft:coal_ore":58,"luminousworld:ishstone":11,"minecraft:gravel":17,"minecraft:cyan_carpet":13,"minecraft:gray_carpet":2,"minecraft:cobweb":12,"minecraft:fern":2},"minecraft:used":{"minecraft:polished_deepslate":3,"minecraft:shield":26,"minecraft:rotten_flesh":1,"vampirism:coffin_white":1,"minecraft:jungle_planks":1,"minecraft:carrot":6,"supplementaries:ash":1,"minecraft:jungle_button":1,"minecraft:furnace":3,"minecraft:dark_oak_sapling":1,"minecraft:spruce_door":1,"minecraft:stone_pickaxe":126,"minecraft:gray_carpet":5,"minecraft:wooden_pickaxe":17,"luminousworld:groundpebbles_1":2,"minecraft:jungle_boat":5,"minecraft:golden_apple":1,"minecraft:note_block":2,"minecraft:dark_oak_log":1,"minecraft:bread":12,"minecraft:gravel":2,"minecraft:andesite":38,"minecraft:stone_sword":285,"minecraft:flint_and_steel":70,"minecraft:armor_stand":1,"quark:jungle_chest":1,"vampirism:item_alchemical_fire":4,"vanillaplustools:stone_hammer":185,"minecraft:torch":43,"minecraft:dirt":8,"minecraft:spruce_stairs":1,"minecraft:granite":6,"minecraft:wooden_axe":13,"minecraft:dark_oak_planks":30,"minecraft:iron_axe":86,"tombstone:gift":1,"minecraft:cooked_beef":1,"minecraft:cobbled_deepslate":173,"minecraft:calcite":10,"minecraft:water_bucket":117,"minecraft:cyan_candle":2,"minecraft:crafting_table":27,"supplementaries:bomb":1,"minecraft:white_bed":6,"minecraft:cake":1,"minecraft:iron_pickaxe":149,"minecraft:stone_axe":386,"minecraft:cobblestone":326,"minecraft:bucket":118},"minecraft:custom":{"minecraft:interact_with_crafting_table":53,"minecraft:open_barrel":25,"minecraft:eat_cake_slice":10,"minecraft:leave_game":1,"minecraft:time_since_death":25771,"minecraft:sprint_one_cm":262323,"minecraft:damage_blocked_by_shield":1680,"minecraft:drop":89,"minecraft:play_noteblock":20,"minecraft:play_time":329470,"minecraft:deaths":19,"minecraft:jump":2064,"minecraft:walk_on_water_one_cm":36184,"minecraft:interact_with_furnace":10,"minecraft:interact_with_cartography_table":1,"minecraft:sleep_in_bed":11,"tombstone:sneak_grave":1,"minecraft:damage_dealt":22063,"minecraft:crouch_one_cm":63444,"tombstone:undead_killed":80,"minecraft:mob_kills":98,"minecraft:damage_dealt_resisted":93,"minecraft:climb_one_cm":5995,"minecraft:walk_one_cm":271385,"minecraft:sneak_time":23373,"minecraft:walk_under_water_one_cm":31470,"minecraft:boat_one_cm":192203,"minecraft:interact_with_blast_furnace":2,"minecraft:total_world_time":329470,"minecraft:tune_noteblock":3,"minecraft:time_since_rest":25476,"minecraft:damage_taken":10274,"minecraft:damage_absorbed":40,"minecraft:swim_one_cm":66277,"minecraft:fly_one_cm":228627,"minecraft:open_chest":36,"minecraft:fall_one_cm":51623}},"DataVersion":3465}