{"stats":{"minecraft:crafted":{"minecraft:jungle_button":4,"minecraft:oak_planks":36,"minecraft:heavy_weighted_pressure_plate":2,"minecraft:cooked_mutton":2,"sophisticatedbackpacks:backpack":1,"minecraft:crafting_table":11,"minecraft:spruce_planks":4,"minecraft:jungle_boat":2,"minecraft:wooden_pickaxe":4,"minecraft:fletching_table":1,"minecraft:birch_planks":16,"minecraft:string":20,"minecraft:diamond_pickaxe":1,"minecraft:shield":2,"minecraft:iron_ingot":9,"minecraft:stick":180,"quark:oak_chest":1,"minecraft:iron_pickaxe":1,"vampirism:coffin_white":1,"minecraft:stone_sword":2,"vanillaplustools:stone_hammer":2,"quark:jungle_chest":5,"minecraft:furnace":3,"minecraft:mushroom_stew":2,"minecraft:leather":9,"minecraft:stone_pickaxe":20,"minecraft:wheat":45,"sophisticatedbackpacks:iron_backpack":1,"minecraft:iron_sword":1,"minecraft:bowl":4,"sophisticatedbackpacks:gold_backpack":1,"minecraft:dark_oak_button":1,"minecraft:mangrove_planks":160,"minecraft:bucket":1,"minecraft:stone_axe":6,"minecraft:jungle_planks":268,"minecraft:bread":15,"minecraft:air":0,"minecraft:wooden_axe":1,"minecraft:white_bed":3,"minecraft:torch":124},"minecraft:custom":{"minecraft:animals_bred":18,"minecraft:interact_with_crafting_table":62,"minecraft:open_barrel":34,"minecraft:eat_cake_slice":17,"minecraft:leave_game":3,"minecraft:time_since_death":66623,"minecraft:sprint_one_cm":673124,"minecraft:damage_blocked_by_shield":4395,"minecraft:drop":224,"minecraft:play_noteblock":25,"minecraft:talked_to_villager":2,"minecraft:play_time":529511,"minecraft:deaths":26,"minecraft:jump":5278,"minecraft:walk_on_water_one_cm":120635,"minecraft:interact_with_furnace":17,"minecraft:interact_with_cartography_table":1,"minecraft:sleep_in_bed":16,"tombstone:sneak_grave":1,"minecraft:damage_dealt":61641,"minecraft:crouch_one_cm":120612,"tombstone:undead_killed":144,"minecraft:horse_one_cm":500,"minecraft:interact_with_anvil":1,"minecraft:mob_kills":202,"minecraft:damage_dealt_resisted":1530,"minecraft:climb_one_cm":8052,"minecraft:walk_one_cm":625348,"minecraft:damage_dealt_absorbed":80,"minecraft:sneak_time":41621,"minecraft:walk_under_water_one_cm":47238,"minecraft:boat_one_cm":192203,"minecraft:interact_with_blast_furnace":3,"minecraft:total_world_time":529511,"vampirism:interact_with_injection_chair":1,"minecraft:tune_noteblock":3,"minecraft:time_since_rest":19621,"minecraft:damage_absorbed":40,"minecraft:damage_taken":19348,"tombstone:cast_on_ally":1,"minecraft:swim_one_cm":89887,"minecraft:fly_one_cm":1253967,"minecraft:open_chest":111,"minecraft:fall_one_cm":129832},"minecraft:used":{"minecraft:iron_shovel":49,"minecraft:polished_deepslate":72,"minecraft:shield":76,"minecraft:iron_sword":161,"minecraft:rotten_flesh":1,"minecraft:skeleton_spawn_egg":2,"vampirism:coffin_white":1,"minecraft:jungle_planks":1,"minecraft:carrot":11,"minecraft:mangrove_stairs":1,"minecraft:lantern":2,"iceandfire:dragonsteel_fire_sword":110,"minecraft:dark_oak_button":2,"supplementaries:candy":1,"twilightforest:giant_sword":18,"iceandfire:chared_stone":14,"mutantmonsters:hulk_hammer":15,"minecraft:jungle_button":5,"supplementaries:ash":7,"minecraft:furnace":4,"minecraft:dark_oak_sapling":1,"minecraft:diorite":1,"minecraft:spruce_door":2,"minecraft:oak_planks":1,"minecraft:stone_pickaxe":126,"minecraft:gray_carpet":5,"minecraft:dark_oak_sign":1,"minecraft:mangrove_planks":158,"minecraft:wooden_pickaxe":17,"luminousworld:groundpebbles_1":2,"minecraft:jungle_boat":5,"minecraft:oak_leaves":2,"minecraft:stripped_mangrove_wood":4,"minecraft:golden_apple":1,"minecraft:blast_furnace":6,"minecraft:note_block":2,"born_in_chaos_v1:monster_flesh":1,"minecraft:dark_oak_log":1,"minecraft:zombie_head":1,"minecraft:heavy_weighted_pressure_plate":2,"minecraft:bread":12,"minecraft:cyan_carpet":1,"minecraft:iron_door":2,"minecraft:gravel":2,"minecraft:diamond_sword":88,"minecraft:andesite":41,"minecraft:waxed_cut_copper_stairs":1,"minecraft:stone_sword":285,"minecraft:flint_and_steel":70,"minecraft:armor_stand":1,"quark:jungle_chest":3,"minecraft:spruce_planks":1,"vampirism:item_alchemical_fire":4,"vanillaplustools:stone_hammer":197,"minecraft:oak_door":1,"minecraft:torch":126,"minecraft:dirt":71,"minecraft:anvil":2,"minecraft:spruce_stairs":1,"minecraft:spruce_fence":1,"minecraft:granite":6,"minecraft:dark_oak_planks":33,"minecraft:wooden_axe":13,"minecraft:iron_axe":339,"minecraft:spawner":2,"mutantmonsters:creeper_shard":44,"minecraft:red_candle":8,"minecraft:soul_soil":1,"tombstone:gift":2,"minecraft:cooked_beef":3,"minecraft:cobbled_deepslate":181,"minecraft:calcite":151,"minecraft:wheat_seeds":1,"minecraft:cooked_mutton":2,"minecraft:water_bucket":221,"iceandfire:fire_dragon_flesh":8,"minecraft:cyan_candle":5,"minecraft:baked_potato":9,"minecraft:red_nether_bricks":2,"luminousworld:ishstone":3,"supplementaries:bomb":1,"minecraft:crafting_table":30,"minecraft:white_bed":7,"minecraft:cake":1,"tombstone:bag_of_seeds":2,"minecraft:diamond_pickaxe":324,"minecraft:pig_spawn_egg":5,"minecraft:iron_pickaxe":193,"minecraft:stone_axe":386,"luminousworld:sunset_petunias":1,"vanillaplustools:iron_hammer":49,"minecraft:cobblestone":562,"minecraft:bucket":177,"quark:oak_chest":1},"minecraft:dropped":{"minecraft:iron_sword":2,"minecraft:brown_mushroom":6,"minecraft:dark_oak_stairs":1,"minecraft:stripped_mangrove_wood":6,"minecraft:cooked_beef":8,"luminousworld:yellowpetunias":2,"minecraft:baked_potato":2,"minecraft:diamond":3,"minecraft:crafting_table":2,"minecraft:stripped_birch_wood":1,"minecraft:red_nether_brick_slab":13,"minecraft:cookie":5,"mutantmonsters:creeper_shard":2,"minecraft:leather":5,"minecraft:jungle_planks":19,"minecraft:fletching_table":1,"minecraft:rail":5,"sophisticatedbackpacks:gold_backpack":2,"minecraft:dirt":9,"minecraft:dark_oak_fence":1,"minecraft:dark_oak_trapdoor":1,"minecraft:mangrove_stairs":4,"iceandfire:dragonscales_red":33,"minecraft:chain":3,"mutantmonsters:creeper_minion_tracker":1,"minecraft:iron_pickaxe":1,"minecraft:dark_oak_planks":1,"minecraft:cyan_carpet":14,"luminousworld:clovers_1":3,"minecraft:bone":1,"minecraft:note_block":3,"minecraft:stone_axe":3,"quark:jungle_chest":1,"mutantmonsters:hulk_hammer":2,"alexsmobs:animal_dictionary":1,"minecraft:cobbled_deepslate":19,"minecraft:wheat":39,"minecraft:birch_sapling":1,"undead_revamp2:arapholia":1,"tombstone:gift":1,"securitycraft:taser":1,"minecraft:rotten_flesh":7,"werewolves:raw_silver":41,"minecraft:oak_planks":2,"minecraft:enchanted_golden_apple":1,"minecraft:carrot":14,"minecraft:chainmail_chestplate":1,"sophisticatedbackpacks:smelting_upgrade":1,"minecraft:poppy":1,"luminousworld:grassflowers":3,"born_in_chaos_v1:seedof_chaos":3,"minecraft:red_candle":28,"minecraft:birch_trapdoor":7,"born_in_chaos_v1:corpse_maggot":14,"minecraft:birch_door":4,"minecraft:chest":1,"minecraft:ladder":1,"minecraft:chainmail_boots":6,"minecraft:red_nether_bricks":5,"minecraft:arrow":27,"minecraft:end_stone_bricks":4,"vampirism:item_garlic":6,"minecraft:iron_ingot":4,"minecraft:oak_slab":5,"minecraft:wheat_seeds":13,"minecraft:diamond_leggings":1,"minecraft:iron_helmet":4,"minecraft:feather":1,"minecraft:cobblestone":138,"born_in_chaos_v1:orbofthe_summoner":1,"minecraft:spruce_door":1,"minecraft:chainmail_helmet":3,"minecraft:golden_apple":4,"minecraft:stick":33,"born_in_chaos_v1:river_mint":3,"iceandfire:copper_nugget":1,"minecraft:torch":6,"werewolves:cracked_bone":3,"minecraft:wooden_axe":1,"minecraft:rose_bush":4,"skilltree:gem":8,"minecraft:iron_door":1,"minecraft:diamond_helmet":1,"minecraft:potion":5,"tombstone:grave_dust":5,"minecraft:iron_axe":3,"iceandfire:dragonsteel_fire_sword":2,"minecraft:chainmail_leggings":1,"minecraft:paper":2,"minecraft:string":37,"vampirism:garlic_bread":9,"minecraft:gray_carpet":3,"minecraft:redstone":1,"minecraft:furnace":1,"minecraft:soul_soil":1,"minecraft:oak_trapdoor":14,"minecraft:stone_sword":1,"minecraft:dark_oak_sign":3,"minecraft:bowl":4,"minecraft:tuff":15,"supplementaries:bomb":1,"minecraft:iron_boots":4,"minecraft:smoker":1,"minecraft:lightning_rod":2,"supplementaries:quiver":1,"minecraft:potato":1,"minecraft:sea_pickle":2,"minecraft:diamond_chestplate":3,"aether:diamond_gloves":1,"minecraft:spruce_planks":9,"minecraft:iron_chestplate":1,"minecraft:diamond_pickaxe":1,"luminousworld:groundpebbles_1":2,"minecraft:barrel":2,"minecraft:brown_carpet":20,"minecraft:diamond_boots":1,"minecraft:bow":1,"minecraft:stone_pickaxe":4,"minecraft:wooden_pickaxe":1},"minecraft:killed_by":{"enemyexpansion:sprinter":1},"minecraft:killed":{"undead_revamp2:thewolf":1,"luminousworld:miner_zombie":3,"vampirism:vampire":3,"earthmobsmod:jumbo_rabbit":1,"born_in_chaos_v1:zombie_lumberjack":2,"minecraft:spider":2,"undead_revamp2:clogger":1,"born_in_chaos_v1:siamese_skeletonsright":1,"creeperoverhaul:dripstone_creeper":1,"minecraft:skeleton":85,"vampirism:blinding_bat":1,"undead_revamp2:deadclogger":1,"luminousworld:dark_oak_skeleton":1,"creeperoverhaul:jungle_creeper":1,"born_in_chaos_v1:supreme_bonescaller_stage_2":1,"undead_revamp2:thespitter":1,"born_in_chaos_v1:diamond_termite":2,"enemyexpansion:tarantula":1,"earthmobsmod:lobber_zombie":1,"minecraft:sheep":5,"born_in_chaos_v1:dread_hound":1,"minecraft:zombie":11,"born_in_chaos_v1:corpse_fly":3,"undead_revamp2:theskeeper":1,"alexsmobs:fly":1,"iceandfire:lightning_dragon":1,"luminousworld:dark_oak_zombie":9,"born_in_chaos_v1:siamese_skeletonsleft":1,"enemyexpansion:wasp":2,"undead_revamp2:thehunter":2,"born_in_chaos_v1:maggot":6,"iceandfire:fire_dragon":2,"born_in_chaos_v1:corpse_fish":1,"undead_revamp2:sucker":2,"born_in_chaos_v1:siamese_skeletons":1,"born_in_chaos_v1:bone_imp_minion":4,"born_in_chaos_v1:baby_skeleton":1,"undead_revamp2:the_moonflower":3,"born_in_chaos_v1:decrepit_skeleton":7,"born_in_chaos_v1:bloody_gadfly":1,"undead_revamp2:thesomnolence":7,"alexsmobs:cockroach":1,"born_in_chaos_v1:decaying_zombie":2,"mutantmonsters:mutant_zombie":1,"minecraft:wither_skeleton":1},"minecraft:mined":{"minecraft:dark_oak_planks":59,"minecraft:red_nether_brick_slab":15,"minecraft:spruce_planks":19,"minecraft:white_bed":4,"minecraft:jungle_leaves":1,"minecraft:red_nether_bricks":16,"minecraft:granite":22,"minecraft:stone_brick_wall":1,"minecraft:grass_block":20,"minecraft:jungle_log":62,"minecraft:soul_soil":1,"minecraft:frosted_ice":1,"minecraft:spawner":2,"iceandfire:crackled_cobblestone":8,"minecraft:dark_oak_trapdoor":10,"minecraft:iron_ore":23,"minecraft:cobbled_deepslate":65,"minecraft:fire":22,"minecraft:barrel":2,"quark:blossom_planks":2,"minecraft:anvil":1,"minecraft:dark_oak_stairs":1,"iceandfire:gold_pile":13,"minecraft:end_stone_bricks":4,"minecraft:stripped_mangrove_wood":53,"iceandfire:chared_cobblestone":16,"minecraft:jungle_button":2,"minecraft:torch":33,"minecraft:note_block":18,"minecraft:blast_furnace":6,"minecraft:calcite":26,"minecraft:chest":1,"minecraft:mushroom_stem":5,"minecraft:glass":2,"minecraft:cobblestone":91,"minecraft:oak_planks":6,"minecraft:iron_door":1,"minecraft:wall_torch":13,"minecraft:chain":6,"minecraft:red_candle":7,"iceandfire:crackled_stone":13,"minecraft:birch_log":3,"minecraft:wheat":1,"minecraft:birch_trapdoor":7,"born_in_chaos_v1:river_mint":1,"minecraft:birch_door":3,"minecraft:grass":35,"minecraft:oak_log":9,"minecraft:loom":4,"minecraft:dirt":61,"luminousworld:grassvariant_3":6,"minecraft:stripped_birch_wood":2,"minecraft:red_mushroom_block":8,"minecraft:piston":3,"minecraft:polished_deepslate_wall":10,"minecraft:oak_leaves":9,"minecraft:cyan_candle":5,"werewolves:silver_ore":25,"minecraft:deepslate":616,"iceandfire:chared_stone":14,"minecraft:diamond_ore":1,"minecraft:tuff":81,"minecraft:deepslate_diamond_ore":1,"placeablesmod:diamond_sword_block":1,"minecraft:dark_oak_leaves":1,"luminousworld:grassvariant_4":4,"minecraft:oak_door":4,"minecraft:dark_oak_log":34,"luminousworld:mossbuds_1":1,"born_in_chaos_v1:infected_diamond_ore":1,"minecraft:dark_oak_fence":1,"minecraft:spruce_fence":1,"minecraft:redstone_wire":1,"luminousworld:grassvariant_2":11,"luminousworld:clovers_2":1,"minecraft:soul_campfire":1,"minecraft:hay_block":2,"luminousworld:sunset_petunias":1,"minecraft:furnace":3,"placeablesmod:water_bucket_block":1,"minecraft:andesite":42,"minecraft:polished_deepslate":40,"minecraft:bookshelf":11,"minecraft:vine":5,"minecraft:lantern":2,"minecraft:smooth_quartz_stairs":1,"minecraft:stone":1134,"minecraft:white_wool":16,"minecraft:mangrove_stairs":8,"minecraft:brown_carpet":20,"minecraft:crafting_table":24,"minecraft:cornflower":1,"minecraft:emerald_ore":1,"minecraft:rose_bush":4,"minecraft:lightning_rod":6,"minecraft:copper_ore":42,"minecraft:tall_grass":1,"minecraft:diorite":42,"minecraft:spruce_stairs":1,"minecraft:dark_oak_wall_sign":3,"minecraft:sweet_berry_bush":1,"minecraft:birch_leaves":2,"minecraft:mangrove_planks":16,"minecraft:mangrove_slab":2,"minecraft:coal_ore":92,"luminousworld:clovers_5":1,"luminousworld:ishstone":12,"minecraft:zombie_head":1,"minecraft:gravel":17,"minecraft:cyan_carpet":13,"minecraft:gray_carpet":2,"minecraft:cobweb":12,"ecologics:walnut_planks":1,"minecraft:iron_trapdoor":1,"minecraft:fern":2},"minecraft:broken":{"supplementaries:flute":1,"minecraft:stone_axe":3,"minecraft:stone_sword":3,"minecraft:flint_and_steel":1,"minecraft:shield":2,"vanillaplustools:stone_hammer":1,"minecraft:iron_axe":1},"minecraft:picked_up":{"minecraft:wooden_axe":1,"minecraft:iron_chestplate":1,"minecraft:birch_door":4,"minecraft:wheat":1,"minecraft:black_carpet":10,"minecraft:chainmail_boots":5,"minecraft:anvil":1,"securitycraft:taser":1,"minecraft:diamond_sword":1,"minecraft:potion":4,"tombstone:grave_key":1,"minecraft:polished_deepslate_wall":8,"born_in_chaos_v1:black_argillite":3,"minecraft:raw_copper":166,"minecraft:polished_deepslate":37,"minecraft:string":31,"minecraft:dark_oak_trapdoor":7,"minecraft:soul_soil":2,"minecraft:red_nether_bricks":7,"minecraft:armor_stand":1,"minecraft:red_candle":44,"minecraft:zombie_head":1,"minecraft:beetroot":4,"minecraft:sea_pickle":2,"minecraft:diamond_leggings":1,"minecraft:gold_nugget":682,"minecraft:cobbled_deepslate":999,"minecraft:spruce_planks":16,"vampirism:garlic_bread":1,"minecraft:rose_bush":4,"minecraft:calcite":35,"minecraft:iron_pickaxe":1,"iceandfire:dragonscales_red":13,"minecraft:furnace":4,"minecraft:mangrove_log":3,"minecraft:iron_boots":4,"minecraft:stick":13,"born_in_chaos_v1:shattered_skull":1,"minecraft:birch_trapdoor":7,"minecraft:torch":62,"minecraft:spruce_stairs":1,"minecraft:lightning_rod":6,"minecraft:pointed_dripstone":2,"tombstone:grave_dust":36,"minecraft:diorite":40,"minecraft:rabbit_foot":1,"minecraft:brown_carpet":20,"minecraft:waxed_cut_copper_stairs":1,"undead_revamp2:cloogerribs":41,"mutantmonsters:hulk_hammer":2,"luminousworld:grassflowers":1,"minecraft:stone_sword":2,"quark:clear_shard":6,"minecraft:mangrove_stairs":6,"minecraft:rotten_flesh":51,"luminousworld:yellow_grassflowers":1,"minecraft:iron_block":1,"supplementaries:ash":137,"supplementaries:quiver":1,"minecraft:stripped_birch_wood":4,"undead_revamp2:arapholia":3,"minecraft:cobblestone":1201,"minecraft:birch_log":3,"minecraft:cooked_beef":9,"minecraft:iron_door":1,"minecraft:andesite":41,"minecraft:water_bucket":1,"minecraft:jungle_log":67,"iceandfire:armor_red_chestplate":1,"minecraft:smoker":1,"minecraft:potato":1,"minecraft:flint":5,"minecraft:tuff":125,"supplementaries:flute":1,"supplementaries:flax_seeds":1,"minecraft:lapis_lazuli":7,"skilltree:gem":55,"minecraft:lantern":2,"minecraft:dirt":174,"born_in_chaos_v1:monster_skin":1,"minecraft:bone":183,"minecraft:bow":1,"minecraft:wheat_seeds":19,"minecraft:dark_oak_sign":6,"minecraft:cyan_candle":9,"minecraft:diamond_helmet":2,"minecraft:oak_planks":2,"iceandfire:dragon_skull_fire":1,"iceandfire:armor_red_boots":1,"minecraft:jungle_planks":118,"minecraft:dark_oak_log":34,"minecraft:barrel":2,"iceandfire:chared_cobblestone":20,"minecraft:bundle":3,"minecraft:diamond":10,"iceandfire:crackled_stone":9,"luminousworld:yellowpetunias":4,"minecraft:granite":15,"minecraft:bone_meal":3,"minecraft:emerald":1,"minecraft:golden_apple":4,"minecraft:spruce_sign":2,"minecraft:chainmail_helmet":4,"minecraft:bread":46,"werewolves:cracked_bone":17,"minecraft:dark_oak_fence":1,"minecraft:oak_leaves":2,"minecraft:end_stone_bricks":8,"minecraft:charcoal":2,"sophisticatedbackpacks:gold_backpack":2,"luminousworld:groundpebbles_1":5,"born_in_chaos_v1:diamond_termite_shard":4,"minecraft:crafting_table":22,"minecraft:ladder":7,"born_in_chaos_v1:river_mint":4,"minecraft:clay_ball":16,"born_in_chaos_v1:seedof_chaos":3,"minecraft:brown_mushroom":9,"minecraft:stone_brick_wall":1,"minecraft:wooden_pickaxe":1,"minecraft:cooked_rabbit":1,"minecraft:chain":5,"minecraft:cornflower":1,"minecraft:oak_trapdoor":14,"minecraft:iron_axe":7,"minecraft:flint_and_steel":1,"minecraft:iron_shovel":3,"minecraft:cyan_carpet":20,"supplementaries:bomb":2,"iceandfire:armor_red_helmet":1,"minecraft:poppy":1,"minecraft:light_gray_wool":3,"minecraft:chest":1,"minecraft:birch_sapling":1,"minecraft:piston":1,"minecraft:dark_oak_sapling":1,"minecraft:stone":1,"minecraft:raw_iron":15,"minecraft:stripped_mangrove_wood":49,"minecraft:oak_door":3,"minecraft:copper_ingot":1,"minecraft:bowl":6,"minecraft:spruce_fence":1,"minecraft:note_block":5,"werewolves:raw_silver":41,"minecraft:cookie":18,"minecraft:carrot":3,"minecraft:dark_oak_planks":62,"mutantmonsters:creeper_shard":2,"minecraft:arrow":121,"minecraft:diamond_chestplate":3,"minecraft:beetroot_seeds":4,"minecraft:pumpkin_pie":10,"minecraft:diamond_boots":2,"minecraft:hay_block":7,"tombstone:essence_of_undeath":1,"minecraft:mutton":5,"minecraft:rail":5,"iceandfire:armor_red_leggings":1,"minecraft:white_wool":19,"born_in_chaos_v1:corpse_maggot":16,"minecraft:jungle_boat":4,"born_in_chaos_v1:monster_flesh":1,"luminousworld:ishstone":17,"minecraft:leather":61,"minecraft:red_mushroom":2,"minecraft:oak_log":9,"minecraft:chainmail_chestplate":1,"minecraft:jungle_button":2,"tombstone:gift":2,"minecraft:gray_carpet":8,"alexsmobs:cockroach_wing_fragment":1,"minecraft:rabbit_hide":2,"minecraft:iron_ingot":16,"minecraft:stone_pickaxe":3,"minecraft:cooked_chicken":1,"tombstone:bag_of_seeds":1,"iceandfire:crackled_cobblestone":7,"iceandfire:fire_dragon_flesh":13,"minecraft:mangrove_planks":19,"minecraft:iron_sword":1,"minecraft:dark_oak_stairs":1,"minecraft:book":36,"minecraft:oak_slab":5,"iceandfire:chared_stone":14,"iceandfire:copper_nugget":133,"luminousworld:clovers_1":3,"iceandfire:dragonsteel_fire_sword":3,"born_in_chaos_v1:orbofthe_summoner":1,"minecraft:dripstone_block":3,"luminousworld:sunset_petunias":1,"minecraft:gravel":32,"minecraft:blast_furnace":6,"minecraft:white_bed":4,"minecraft:spruce_log":1,"minecraft:spruce_door":1,"minecraft:slime_ball":14,"minecraft:stone_axe":2,"minecraft:chainmail_leggings":1,"minecraft:iron_helmet":2,"minecraft:red_nether_brick_slab":13,"tombstone:magic_scroll":2,"minecraft:coal":80}},"DataVersion":3465}