{"stats":{"minecraft:custom":{"minecraft:mob_kills":40,"minecraft:interact_with_crafting_table":42,"minecraft:open_barrel":12,"minecraft:damage_dealt_resisted":93,"minecraft:leave_game":1,"minecraft:time_since_death":91944,"minecraft:climb_one_cm":3942,"minecraft:sprint_one_cm":170608,"minecraft:walk_one_cm":148355,"minecraft:damage_blocked_by_shield":480,"minecraft:drop":50,"minecraft:play_time":250605,"minecraft:deaths":9,"minecraft:sneak_time":12289,"minecraft:walk_under_water_one_cm":17736,"minecraft:boat_one_cm":192203,"minecraft:jump":1317,"minecraft:walk_on_water_one_cm":23276,"minecraft:total_world_time":250605,"minecraft:interact_with_furnace":10,"minecraft:sleep_in_bed":10,"minecraft:time_since_rest":9911,"minecraft:damage_taken":4061,"tombstone:sneak_grave":1,"minecraft:damage_dealt":7609,"minecraft:swim_one_cm":65278,"minecraft:fly_one_cm":194625,"minecraft:open_chest":25,"minecraft:crouch_one_cm":34267,"tombstone:undead_killed":25,"minecraft:fall_one_cm":44533},"minecraft:dropped":{"vampirism:item_garlic":6,"minecraft:brown_mushroom":6,"minecraft:wheat_seeds":2,"minecraft:diamond":3,"minecraft:stripped_birch_wood":1,"minecraft:feather":1,"minecraft:cobblestone":70,"minecraft:leather":5,"minecraft:stick":9,"minecraft:dirt":3,"minecraft:torch":6,"minecraft:wooden_axe":1,"minecraft:paper":2,"minecraft:string":4,"vampirism:garlic_bread":9,"luminousworld:clovers_1":1,"minecraft:stone_axe":1,"quark:jungle_chest":1,"alexsmobs:animal_dictionary":1,"minecraft:cobbled_deepslate":19,"minecraft:bowl":4,"minecraft:tuff":15,"minecraft:birch_sapling":1,"undead_revamp2:arapholia":1,"tombstone:gift":1,"werewolves:raw_silver":24,"minecraft:oak_planks":2,"minecraft:iron_boots":1,"minecraft:potato":1,"minecraft:spruce_planks":9,"luminousworld:groundpebbles_1":2,"born_in_chaos_v1:corpse_maggot":5,"minecraft:end_stone_bricks":4,"minecraft:wooden_pickaxe":1,"minecraft:stone_pickaxe":4},"minecraft:picked_up":{"luminousworld:groundpebbles_1":4,"minecraft:crafting_table":18,"minecraft:clay_ball":16,"minecraft:brown_mushroom":9,"tombstone:grave_key":1,"minecraft:string":12,"minecraft:flint_and_steel":1,"minecraft:iron_shovel":1,"supplementaries:bomb":2,"minecraft:diamond_leggings":1,"minecraft:cobbled_deepslate":882,"minecraft:spruce_planks":7,"vampirism:garlic_bread":1,"minecraft:light_gray_wool":2,"minecraft:birch_sapling":1,"minecraft:mangrove_log":1,"minecraft:furnace":3,"minecraft:iron_boots":2,"minecraft:dark_oak_sapling":1,"minecraft:stick":9,"minecraft:torch":17,"minecraft:bowl":4,"werewolves:raw_silver":24,"tombstone:grave_dust":5,"minecraft:rabbit_foot":1,"minecraft:diamond_chestplate":1,"minecraft:rotten_flesh":13,"minecraft:pumpkin_pie":10,"minecraft:diamond_boots":1,"minecraft:iron_block":1,"supplementaries:ash":11,"minecraft:stripped_birch_wood":4,"undead_revamp2:arapholia":1,"minecraft:white_wool":16,"minecraft:cobblestone":549,"minecraft:birch_log":3,"born_in_chaos_v1:corpse_maggot":5,"minecraft:jungle_boat":4,"minecraft:jungle_log":67,"minecraft:andesite":38,"luminousworld:ishstone":9,"minecraft:red_mushroom":2,"minecraft:potato":1,"minecraft:flint":2,"minecraft:tuff":125,"minecraft:oak_log":4,"minecraft:dirt":13,"minecraft:bone":8,"minecraft:bow":1,"minecraft:wheat_seeds":3,"minecraft:rabbit_hide":2,"minecraft:iron_ingot":4,"minecraft:stone_pickaxe":3,"minecraft:diamond_helmet":1,"minecraft:oak_planks":1,"luminousworld:clovers_1":1,"minecraft:gravel":23,"minecraft:jungle_planks":101,"minecraft:white_bed":3,"minecraft:spruce_log":1,"minecraft:dark_oak_log":34,"minecraft:diamond":3,"minecraft:granite":6,"minecraft:bread":46,"minecraft:coal":10,"minecraft:wooden_axe":1,"minecraft:end_stone_bricks":8},"minecraft:broken":{"minecraft:flint_and_steel":1,"vanillaplustools:stone_hammer":1,"minecraft:stone_axe":1},"minecraft:crafted":{"minecraft:jungle_button":1,"minecraft:oak_planks":16,"vanillaplustools:stone_hammer":2,"quark:jungle_chest":3,"minecraft:furnace":3,"minecraft:mushroom_stew":2,"minecraft:leather":9,"minecraft:stone_pickaxe":20,"sophisticatedbackpacks:backpack":1,"minecraft:crafting_table":9,"minecraft:spruce_planks":4,"minecraft:jungle_boat":2,"minecraft:wooden_pickaxe":3,"minecraft:bowl":4,"minecraft:mangrove_planks":4,"minecraft:bucket":1,"minecraft:birch_planks":16,"minecraft:stone_axe":3,"minecraft:air":0,"minecraft:jungle_planks":268,"minecraft:string":8,"minecraft:shield":1,"minecraft:stick":84,"minecraft:iron_pickaxe":1,"vampirism:coffin_white":1,"minecraft:wooden_axe":1,"minecraft:stone_sword":1,"minecraft:white_bed":3,"minecraft:torch":12},"minecraft:killed":{"undead_revamp2:thewolf":1,"vampirism:vampire":2,"undead_revamp2:thehunter":2,"earthmobsmod:jumbo_rabbit":1,"born_in_chaos_v1:zombie_lumberjack":1,"born_in_chaos_v1:maggot":3,"minecraft:skeleton":1,"vampirism:blinding_bat":1,"luminousworld:dark_oak_skeleton":1,"creeperoverhaul:jungle_creeper":1,"born_in_chaos_v1:corpse_fish":1,"undead_revamp2:the_moonflower":1,"earthmobsmod:lobber_zombie":1,"born_in_chaos_v1:decrepit_skeleton":3,"minecraft:zombie":4,"born_in_chaos_v1:corpse_fly":3,"luminousworld:dark_oak_zombie":9,"minecraft:wither_skeleton":1,"enemyexpansion:wasp":2},"minecraft:used":{"minecraft:stone_sword":63,"minecraft:flint_and_steel":70,"quark:jungle_chest":1,"minecraft:shield":13,"vampirism:item_alchemical_fire":4,"vanillaplustools:stone_hammer":157,"minecraft:rotten_flesh":1,"minecraft:torch":19,"minecraft:dirt":6,"vampirism:coffin_white":1,"minecraft:jungle_planks":1,"minecraft:granite":6,"minecraft:wooden_axe":13,"supplementaries:ash":1,"minecraft:jungle_button":1,"minecraft:furnace":3,"tombstone:gift":1,"minecraft:cooked_beef":1,"minecraft:cobbled_deepslate":62,"minecraft:dark_oak_sapling":1,"minecraft:water_bucket":68,"minecraft:stone_pickaxe":126,"minecraft:wooden_pickaxe":13,"luminousworld:groundpebbles_1":2,"minecraft:jungle_boat":5,"minecraft:crafting_table":24,"supplementaries:bomb":1,"minecraft:white_bed":6,"minecraft:dark_oak_log":1,"minecraft:bread":6,"minecraft:iron_pickaxe":31,"minecraft:gravel":2,"minecraft:stone_axe":209,"minecraft:cobblestone":161,"minecraft:bucket":69,"minecraft:andesite":38},"minecraft:mined":{"minecraft:tuff":80,"minecraft:spruce_planks":9,"minecraft:white_bed":3,"minecraft:dark_oak_leaves":1,"minecraft:jungle_leaves":1,"minecraft:dark_oak_log":34,"minecraft:granite":13,"minecraft:grass_block":5,"minecraft:jungle_log":62,"luminousworld:grassvariant_2":1,"luminousworld:clovers_2":1,"minecraft:spawner":1,"minecraft:furnace":3,"minecraft:iron_ore":13,"minecraft:fire":3,"minecraft:cobbled_deepslate":5,"minecraft:andesite":39,"minecraft:vine":5,"minecraft:end_stone_bricks":4,"minecraft:stone":570,"minecraft:white_wool":16,"minecraft:crafting_table":20,"minecraft:mushroom_stem":5,"minecraft:copper_ore":3,"minecraft:cobblestone":22,"minecraft:oak_planks":5,"minecraft:wall_torch":6,"minecraft:birch_log":3,"minecraft:birch_leaves":2,"minecraft:grass":8,"minecraft:oak_log":4,"minecraft:coal_ore":23,"luminousworld:ishstone":11,"minecraft:gravel":17,"minecraft:dirt":8,"luminousworld:grassvariant_3":1,"minecraft:stripped_birch_wood":2,"minecraft:cobweb":3,"minecraft:red_mushroom_block":8,"minecraft:oak_leaves":3,"werewolves:silver_ore":12,"minecraft:deepslate":588,"minecraft:fern":2},"minecraft:killed_by":{"enemyexpansion:sprinter":1}},"DataVersion":3465}