{"stats":{"minecraft:mined":{"minecraft:dark_oak_planks":54,"minecraft:red_nether_brick_slab":15,"minecraft:spruce_planks":18,"minecraft:white_bed":4,"minecraft:jungle_leaves":1,"minecraft:red_nether_bricks":16,"minecraft:granite":13,"minecraft:grass_block":6,"minecraft:jungle_log":62,"minecraft:soul_soil":1,"minecraft:frosted_ice":1,"minecraft:spawner":2,"minecraft:dark_oak_trapdoor":10,"minecraft:cobbled_deepslate":65,"minecraft:iron_ore":13,"minecraft:fire":10,"minecraft:barrel":2,"quark:blossom_planks":2,"minecraft:dark_oak_stairs":1,"minecraft:end_stone_bricks":4,"minecraft:stripped_mangrove_wood":47,"minecraft:torch":29,"minecraft:note_block":18,"minecraft:blast_furnace":6,"minecraft:calcite":25,"minecraft:chest":1,"minecraft:mushroom_stem":5,"minecraft:cobblestone":75,"minecraft:oak_planks":5,"minecraft:wall_torch":12,"minecraft:chain":6,"minecraft:red_candle":4,"minecraft:birch_log":3,"minecraft:birch_trapdoor":7,"minecraft:birch_door":3,"minecraft:grass":8,"minecraft:oak_log":4,"minecraft:loom":4,"minecraft:dirt":13,"luminousworld:grassvariant_3":1,"minecraft:stripped_birch_wood":2,"minecraft:red_mushroom_block":8,"minecraft:polished_deepslate_wall":10,"minecraft:piston":3,"minecraft:oak_leaves":3,"minecraft:cyan_candle":5,"werewolves:silver_ore":12,"minecraft:deepslate":588,"minecraft:tuff":80,"minecraft:dark_oak_leaves":1,"minecraft:dark_oak_log":34,"luminousworld:mossbuds_1":1,"minecraft:dark_oak_fence":1,"minecraft:redstone_wire":1,"luminousworld:grassvariant_2":1,"luminousworld:clovers_2":1,"minecraft:soul_campfire":1,"minecraft:furnace":3,"placeablesmod:water_bucket_block":1,"minecraft:andesite":39,"minecraft:polished_deepslate":40,"minecraft:bookshelf":11,"minecraft:vine":5,"minecraft:stone":679,"minecraft:white_wool":16,"minecraft:mangrove_stairs":8,"minecraft:brown_carpet":20,"minecraft:crafting_table":21,"minecraft:lightning_rod":6,"minecraft:copper_ore":3,"minecraft:spruce_stairs":1,"minecraft:dark_oak_wall_sign":3,"minecraft:sweet_berry_bush":1,"minecraft:birch_leaves":2,"minecraft:mangrove_planks":16,"minecraft:mangrove_slab":2,"minecraft:coal_ore":58,"luminousworld:ishstone":11,"minecraft:gravel":17,"minecraft:cyan_carpet":13,"minecraft:gray_carpet":2,"minecraft:cobweb":12,"ecologics:walnut_planks":1,"minecraft:iron_trapdoor":1,"minecraft:fern":2},"minecraft:custom":{"minecraft:interact_with_crafting_table":56,"minecraft:open_barrel":25,"minecraft:eat_cake_slice":17,"minecraft:leave_game":2,"minecraft:time_since_death":73290,"minecraft:sprint_one_cm":371790,"minecraft:damage_blocked_by_shield":2520,"minecraft:drop":116,"minecraft:play_noteblock":25,"minecraft:play_time":376989,"minecraft:deaths":19,"minecraft:jump":2626,"minecraft:walk_on_water_one_cm":41930,"minecraft:interact_with_furnace":11,"minecraft:interact_with_cartography_table":1,"minecraft:sleep_in_bed":11,"tombstone:sneak_grave":1,"minecraft:damage_dealt":27363,"minecraft:crouch_one_cm":82875,"tombstone:undead_killed":93,"minecraft:mob_kills":113,"minecraft:damage_dealt_resisted":93,"minecraft:climb_one_cm":5995,"minecraft:walk_one_cm":355499,"minecraft:sneak_time":28897,"minecraft:walk_under_water_one_cm":36119,"minecraft:boat_one_cm":192203,"minecraft:interact_with_blast_furnace":2,"minecraft:total_world_time":376989,"minecraft:tune_noteblock":3,"minecraft:time_since_rest":72995,"minecraft:damage_taken":12159,"minecraft:damage_absorbed":40,"minecraft:swim_one_cm":71683,"minecraft:fly_one_cm":319282,"minecraft:open_chest":36,"minecraft:fall_one_cm":67036},"minecraft:used":{"minecraft:polished_deepslate":3,"minecraft:shield":35,"minecraft:iron_sword":4,"minecraft:rotten_flesh":1,"minecraft:skeleton_spawn_egg":2,"vampirism:coffin_white":1,"minecraft:jungle_planks":1,"minecraft:carrot":10,"minecraft:mangrove_stairs":1,"minecraft:jungle_button":1,"supplementaries:ash":1,"minecraft:furnace":3,"minecraft:dark_oak_sapling":1,"minecraft:spruce_door":1,"minecraft:stone_pickaxe":126,"minecraft:gray_carpet":5,"minecraft:mangrove_planks":151,"minecraft:wooden_pickaxe":17,"luminousworld:groundpebbles_1":2,"minecraft:jungle_boat":5,"minecraft:stripped_mangrove_wood":4,"minecraft:golden_apple":1,"minecraft:note_block":2,"minecraft:dark_oak_log":1,"minecraft:bread":12,"minecraft:cyan_carpet":1,"minecraft:gravel":2,"minecraft:andesite":38,"minecraft:stone_sword":285,"minecraft:flint_and_steel":70,"minecraft:armor_stand":1,"quark:jungle_chest":1,"vampirism:item_alchemical_fire":4,"vanillaplustools:stone_hammer":196,"minecraft:torch":43,"minecraft:dirt":8,"minecraft:spruce_stairs":1,"minecraft:granite":6,"minecraft:dark_oak_planks":33,"minecraft:wooden_axe":13,"minecraft:iron_axe":232,"minecraft:spawner":2,"minecraft:soul_soil":1,"tombstone:gift":1,"minecraft:cooked_beef":1,"minecraft:cobbled_deepslate":181,"minecraft:calcite":10,"minecraft:water_bucket":140,"minecraft:cyan_candle":5,"minecraft:crafting_table":27,"supplementaries:bomb":1,"minecraft:white_bed":6,"minecraft:cake":1,"minecraft:iron_pickaxe":183,"minecraft:stone_axe":386,"minecraft:cobblestone":326,"minecraft:bucket":141},"minecraft:crafted":{"minecraft:jungle_button":1,"minecraft:oak_planks":16,"sophisticatedbackpacks:backpack":1,"minecraft:crafting_table":9,"minecraft:spruce_planks":4,"minecraft:jungle_boat":2,"minecraft:wooden_pickaxe":4,"minecraft:birch_planks":16,"minecraft:string":8,"minecraft:shield":2,"minecraft:stick":112,"minecraft:iron_pickaxe":1,"vampirism:coffin_white":1,"minecraft:stone_sword":2,"vanillaplustools:stone_hammer":2,"quark:jungle_chest":3,"minecraft:furnace":3,"minecraft:mushroom_stew":2,"minecraft:leather":9,"minecraft:stone_pickaxe":20,"minecraft:wheat":45,"sophisticatedbackpacks:iron_backpack":1,"minecraft:iron_sword":1,"minecraft:bowl":4,"sophisticatedbackpacks:gold_backpack":1,"minecraft:mangrove_planks":160,"minecraft:bucket":1,"minecraft:stone_axe":6,"minecraft:bread":15,"minecraft:air":0,"minecraft:jungle_planks":268,"minecraft:wooden_axe":1,"minecraft:white_bed":3,"minecraft:torch":40},"minecraft:dropped":{"minecraft:brown_mushroom":6,"minecraft:dark_oak_stairs":1,"minecraft:diamond":3,"minecraft:crafting_table":2,"minecraft:stripped_birch_wood":1,"minecraft:red_nether_brick_slab":3,"minecraft:leather":5,"minecraft:jungle_planks":18,"sophisticatedbackpacks:gold_backpack":1,"minecraft:dirt":9,"minecraft:dark_oak_fence":1,"minecraft:dark_oak_trapdoor":1,"minecraft:mangrove_stairs":4,"minecraft:chain":3,"minecraft:dark_oak_planks":1,"minecraft:cyan_carpet":12,"luminousworld:clovers_1":1,"minecraft:note_block":3,"minecraft:stone_axe":2,"quark:jungle_chest":1,"alexsmobs:animal_dictionary":1,"minecraft:cobbled_deepslate":19,"minecraft:birch_sapling":1,"undead_revamp2:arapholia":1,"tombstone:gift":1,"minecraft:rotten_flesh":3,"werewolves:raw_silver":24,"minecraft:oak_planks":2,"minecraft:red_candle":20,"born_in_chaos_v1:corpse_maggot":9,"minecraft:birch_door":4,"minecraft:chest":1,"minecraft:ladder":1,"minecraft:chainmail_boots":1,"minecraft:red_nether_bricks":5,"minecraft:end_stone_bricks":4,"vampirism:item_garlic":6,"minecraft:iron_ingot":4,"minecraft:wheat_seeds":2,"minecraft:feather":1,"minecraft:iron_helmet":1,"minecraft:cobblestone":138,"minecraft:chainmail_helmet":1,"minecraft:stick":33,"minecraft:torch":6,"minecraft:wooden_axe":1,"skilltree:gem":7,"tombstone:grave_dust":2,"minecraft:potion":3,"minecraft:paper":2,"minecraft:string":25,"vampirism:garlic_bread":9,"minecraft:gray_carpet":3,"minecraft:furnace":1,"minecraft:soul_soil":1,"minecraft:stone_sword":1,"minecraft:dark_oak_sign":3,"minecraft:bowl":4,"minecraft:tuff":15,"minecraft:iron_boots":3,"minecraft:potato":1,"minecraft:sea_pickle":2,"minecraft:spruce_planks":9,"luminousworld:groundpebbles_1":2,"minecraft:barrel":2,"minecraft:brown_carpet":20,"minecraft:bow":1,"minecraft:stone_pickaxe":4,"minecraft:wooden_pickaxe":1},"minecraft:killed_by":{"enemyexpansion:sprinter":1},"minecraft:picked_up":{"minecraft:wooden_axe":1,"minecraft:birch_door":4,"minecraft:black_carpet":10,"minecraft:chainmail_boots":2,"minecraft:potion":4,"tombstone:grave_key":1,"minecraft:polished_deepslate_wall":8,"minecraft:polished_deepslate":37,"minecraft:string":21,"minecraft:dark_oak_trapdoor":7,"minecraft:soul_soil":2,"minecraft:red_nether_bricks":7,"minecraft:armor_stand":1,"minecraft:red_candle":20,"minecraft:beetroot":4,"minecraft:sea_pickle":2,"minecraft:diamond_leggings":1,"minecraft:cobbled_deepslate":973,"minecraft:spruce_planks":15,"vampirism:garlic_bread":1,"minecraft:calcite":34,"minecraft:furnace":4,"minecraft:mangrove_log":1,"minecraft:iron_boots":3,"minecraft:stick":11,"minecraft:birch_trapdoor":7,"minecraft:torch":49,"minecraft:spruce_stairs":1,"minecraft:lightning_rod":6,"tombstone:grave_dust":26,"minecraft:rabbit_foot":1,"minecraft:brown_carpet":20,"minecraft:stone_sword":2,"minecraft:mangrove_stairs":6,"minecraft:rotten_flesh":14,"minecraft:iron_block":1,"supplementaries:ash":114,"minecraft:stripped_birch_wood":4,"undead_revamp2:arapholia":1,"minecraft:cobblestone":685,"minecraft:birch_log":3,"minecraft:andesite":38,"minecraft:water_bucket":1,"minecraft:jungle_log":67,"minecraft:potato":1,"minecraft:flint":2,"minecraft:tuff":125,"supplementaries:flute":1,"skilltree:gem":43,"minecraft:dirt":17,"minecraft:bone":94,"minecraft:bow":1,"minecraft:wheat_seeds":3,"minecraft:dark_oak_sign":5,"minecraft:cyan_candle":9,"minecraft:diamond_helmet":2,"minecraft:oak_planks":1,"minecraft:jungle_planks":118,"minecraft:dark_oak_log":34,"minecraft:barrel":2,"minecraft:bundle":1,"minecraft:diamond":3,"minecraft:granite":6,"minecraft:golden_apple":1,"minecraft:spruce_sign":2,"minecraft:chainmail_helmet":3,"minecraft:bread":46,"werewolves:cracked_bone":9,"minecraft:dark_oak_fence":1,"minecraft:end_stone_bricks":8,"sophisticatedbackpacks:gold_backpack":1,"luminousworld:groundpebbles_1":4,"minecraft:crafting_table":20,"born_in_chaos_v1:diamond_termite_shard":4,"minecraft:ladder":7,"minecraft:clay_ball":16,"minecraft:brown_mushroom":9,"minecraft:wooden_pickaxe":1,"minecraft:cooked_rabbit":1,"minecraft:chain":5,"minecraft:iron_axe":1,"minecraft:flint_and_steel":1,"minecraft:iron_shovel":2,"minecraft:cyan_carpet":16,"supplementaries:bomb":2,"minecraft:light_gray_wool":2,"minecraft:chest":1,"minecraft:birch_sapling":1,"minecraft:piston":1,"minecraft:dark_oak_sapling":1,"minecraft:stripped_mangrove_wood":43,"minecraft:bowl":6,"minecraft:note_block":5,"werewolves:raw_silver":24,"minecraft:dark_oak_planks":57,"minecraft:arrow":73,"minecraft:diamond_chestplate":1,"minecraft:pumpkin_pie":10,"minecraft:diamond_boots":2,"minecraft:hay_block":5,"tombstone:essence_of_undeath":1,"minecraft:white_wool":16,"born_in_chaos_v1:corpse_maggot":11,"minecraft:jungle_boat":4,"luminousworld:ishstone":9,"minecraft:red_mushroom":2,"minecraft:oak_log":4,"tombstone:gift":1,"minecraft:gray_carpet":8,"minecraft:rabbit_hide":2,"minecraft:iron_ingot":16,"minecraft:stone_pickaxe":3,"minecraft:cooked_chicken":1,"minecraft:mangrove_planks":19,"minecraft:dark_oak_stairs":1,"minecraft:book":36,"luminousworld:clovers_1":1,"minecraft:gravel":23,"minecraft:blast_furnace":6,"minecraft:white_bed":4,"minecraft:spruce_log":1,"minecraft:spruce_door":1,"minecraft:stone_axe":1,"minecraft:iron_helmet":1,"minecraft:red_nether_brick_slab":13,"tombstone:magic_scroll":1,"minecraft:coal":45},"minecraft:broken":{"supplementaries:flute":1,"minecraft:stone_axe":3,"minecraft:stone_sword":3,"minecraft:flint_and_steel":1,"minecraft:shield":1,"vanillaplustools:stone_hammer":1,"minecraft:iron_axe":1},"minecraft:killed":{"undead_revamp2:thewolf":1,"vampirism:vampire":2,"earthmobsmod:jumbo_rabbit":1,"born_in_chaos_v1:zombie_lumberjack":1,"minecraft:skeleton":68,"vampirism:blinding_bat":1,"luminousworld:dark_oak_skeleton":1,"creeperoverhaul:jungle_creeper":1,"earthmobsmod:lobber_zombie":1,"minecraft:zombie":5,"born_in_chaos_v1:corpse_fly":3,"luminousworld:dark_oak_zombie":9,"enemyexpansion:wasp":2,"undead_revamp2:thehunter":2,"born_in_chaos_v1:maggot":6,"born_in_chaos_v1:corpse_fish":1,"undead_revamp2:the_moonflower":1,"born_in_chaos_v1:decrepit_skeleton":3,"minecraft:wither_skeleton":1}},"DataVersion":3465}