{"stats":{"minecraft:killed_by":{"enemyexpansion:sprinter":1},"minecraft:dropped":{"vampirism:item_garlic":6,"minecraft:brown_mushroom":6,"minecraft:wheat_seeds":2,"minecraft:diamond":3,"minecraft:crafting_table":2,"minecraft:stripped_birch_wood":1,"minecraft:iron_helmet":1,"minecraft:feather":1,"minecraft:cobblestone":135,"minecraft:leather":5,"minecraft:jungle_planks":18,"sophisticatedbackpacks:gold_backpack":1,"minecraft:stick":19,"minecraft:dirt":9,"minecraft:torch":6,"minecraft:wooden_axe":1,"skilltree:gem":7,"minecraft:dark_oak_planks":1,"minecraft:paper":2,"minecraft:string":4,"vampirism:garlic_bread":9,"minecraft:cyan_carpet":1,"luminousworld:clovers_1":1,"minecraft:furnace":1,"minecraft:stone_axe":1,"quark:jungle_chest":1,"alexsmobs:animal_dictionary":1,"minecraft:cobbled_deepslate":19,"minecraft:bowl":4,"minecraft:tuff":15,"minecraft:birch_sapling":1,"tombstone:gift":1,"undead_revamp2:arapholia":1,"minecraft:rotten_flesh":3,"werewolves:raw_silver":24,"minecraft:oak_planks":2,"minecraft:iron_boots":2,"minecraft:potato":1,"minecraft:spruce_planks":9,"luminousworld:groundpebbles_1":2,"born_in_chaos_v1:corpse_maggot":9,"minecraft:chainmail_boots":1,"minecraft:ladder":1,"minecraft:end_stone_bricks":4,"minecraft:bow":1,"minecraft:wooden_pickaxe":1,"minecraft:stone_pickaxe":4},"minecraft:picked_up":{"sophisticatedbackpacks:gold_backpack":1,"born_in_chaos_v1:diamond_termite_shard":4,"luminousworld:groundpebbles_1":4,"minecraft:crafting_table":20,"minecraft:black_carpet":10,"minecraft:chainmail_boots":1,"minecraft:ladder":7,"minecraft:clay_ball":16,"minecraft:brown_mushroom":9,"minecraft:wooden_pickaxe":1,"minecraft:cooked_rabbit":1,"minecraft:chain":2,"tombstone:grave_key":1,"minecraft:polished_deepslate":10,"minecraft:string":19,"minecraft:flint_and_steel":1,"minecraft:armor_stand":1,"minecraft:iron_shovel":2,"minecraft:cyan_carpet":4,"supplementaries:bomb":2,"minecraft:diamond_leggings":1,"minecraft:cobbled_deepslate":963,"minecraft:spruce_planks":15,"vampirism:garlic_bread":1,"minecraft:calcite":4,"minecraft:light_gray_wool":2,"minecraft:piston":1,"minecraft:birch_sapling":1,"minecraft:furnace":4,"minecraft:mangrove_log":1,"minecraft:iron_boots":2,"minecraft:dark_oak_sapling":1,"minecraft:stick":9,"minecraft:torch":21,"minecraft:bowl":5,"minecraft:spruce_stairs":1,"minecraft:note_block":2,"werewolves:raw_silver":24,"minecraft:lightning_rod":2,"tombstone:grave_dust":17,"minecraft:rabbit_foot":1,"minecraft:dark_oak_planks":11,"minecraft:stone_sword":1,"minecraft:arrow":43,"minecraft:rotten_flesh":14,"minecraft:diamond_chestplate":1,"minecraft:pumpkin_pie":10,"minecraft:diamond_boots":2,"minecraft:hay_block":5,"minecraft:iron_block":1,"tombstone:essence_of_undeath":1,"supplementaries:ash":54,"minecraft:stripped_birch_wood":4,"undead_revamp2:arapholia":1,"minecraft:white_wool":16,"minecraft:cobblestone":661,"minecraft:birch_log":3,"born_in_chaos_v1:corpse_maggot":9,"minecraft:jungle_boat":4,"minecraft:andesite":38,"minecraft:jungle_log":67,"luminousworld:ishstone":9,"minecraft:red_mushroom":2,"minecraft:potato":1,"minecraft:flint":2,"minecraft:tuff":125,"minecraft:oak_log":4,"skilltree:gem":43,"minecraft:dirt":17,"minecraft:bone":47,"minecraft:gray_carpet":5,"minecraft:bow":1,"minecraft:wheat_seeds":3,"minecraft:rabbit_hide":2,"minecraft:iron_ingot":16,"minecraft:stone_pickaxe":3,"minecraft:cooked_chicken":1,"minecraft:dark_oak_sign":2,"minecraft:cyan_candle":2,"minecraft:diamond_helmet":2,"minecraft:oak_planks":1,"minecraft:book":9,"luminousworld:clovers_1":1,"minecraft:gravel":23,"minecraft:jungle_planks":118,"minecraft:blast_furnace":2,"minecraft:white_bed":4,"minecraft:spruce_log":1,"minecraft:dark_oak_log":34,"minecraft:spruce_door":1,"minecraft:stone_axe":1,"minecraft:diamond":3,"minecraft:iron_helmet":1,"minecraft:granite":6,"minecraft:golden_apple":1,"minecraft:spruce_sign":2,"minecraft:bread":46,"werewolves:cracked_bone":5,"minecraft:red_nether_brick_slab":1,"tombstone:magic_scroll":1,"minecraft:coal":45,"minecraft:end_stone_bricks":8,"minecraft:wooden_axe":1},"minecraft:killed":{"undead_revamp2:thewolf":1,"vampirism:vampire":2,"undead_revamp2:thehunter":2,"earthmobsmod:jumbo_rabbit":1,"born_in_chaos_v1:zombie_lumberjack":1,"born_in_chaos_v1:maggot":6,"minecraft:skeleton":40,"vampirism:blinding_bat":1,"luminousworld:dark_oak_skeleton":1,"creeperoverhaul:jungle_creeper":1,"born_in_chaos_v1:corpse_fish":1,"undead_revamp2:the_moonflower":1,"earthmobsmod:lobber_zombie":1,"born_in_chaos_v1:decrepit_skeleton":3,"minecraft:zombie":5,"born_in_chaos_v1:corpse_fly":3,"luminousworld:dark_oak_zombie":9,"minecraft:wither_skeleton":1,"enemyexpansion:wasp":2},"minecraft:broken":{"minecraft:stone_sword":2,"minecraft:flint_and_steel":1,"vanillaplustools:stone_hammer":1,"minecraft:stone_axe":1},"minecraft:crafted":{"minecraft:jungle_button":1,"minecraft:oak_planks":16,"vanillaplustools:stone_hammer":2,"quark:jungle_chest":3,"minecraft:furnace":3,"minecraft:mushroom_stew":2,"minecraft:leather":9,"minecraft:stone_pickaxe":20,"sophisticatedbackpacks:iron_backpack":1,"sophisticatedbackpacks:backpack":1,"minecraft:crafting_table":9,"minecraft:spruce_planks":4,"minecraft:jungle_boat":2,"minecraft:wooden_pickaxe":4,"minecraft:bowl":4,"sophisticatedbackpacks:gold_backpack":1,"minecraft:mangrove_planks":4,"minecraft:bucket":1,"minecraft:birch_planks":16,"minecraft:stone_axe":4,"minecraft:air":0,"minecraft:jungle_planks":268,"minecraft:string":8,"minecraft:shield":1,"minecraft:stick":88,"minecraft:iron_pickaxe":1,"vampirism:coffin_white":1,"minecraft:wooden_axe":1,"minecraft:stone_sword":1,"minecraft:white_bed":3,"minecraft:torch":40},"minecraft:mined":{"minecraft:dark_oak_planks":10,"minecraft:tuff":80,"minecraft:spruce_planks":18,"minecraft:white_bed":4,"minecraft:dark_oak_leaves":1,"minecraft:red_nether_bricks":5,"minecraft:jungle_leaves":1,"minecraft:dark_oak_log":34,"luminousworld:mossbuds_1":1,"minecraft:granite":13,"minecraft:grass_block":6,"minecraft:jungle_log":62,"luminousworld:grassvariant_2":1,"luminousworld:clovers_2":1,"minecraft:spawner":2,"minecraft:furnace":3,"minecraft:iron_ore":13,"minecraft:cobbled_deepslate":48,"minecraft:fire":10,"minecraft:andesite":39,"minecraft:polished_deepslate":13,"minecraft:bookshelf":2,"minecraft:vine":5,"minecraft:end_stone_bricks":4,"minecraft:stone":679,"minecraft:white_wool":16,"minecraft:crafting_table":21,"minecraft:torch":1,"minecraft:note_block":2,"minecraft:blast_furnace":2,"minecraft:calcite":3,"minecraft:lightning_rod":2,"minecraft:mushroom_stem":5,"minecraft:copper_ore":3,"minecraft:cobblestone":41,"minecraft:oak_planks":5,"minecraft:wall_torch":9,"minecraft:spruce_stairs":1,"minecraft:chain":2,"minecraft:birch_log":3,"minecraft:sweet_berry_bush":1,"minecraft:birch_leaves":2,"minecraft:grass":8,"minecraft:oak_log":4,"minecraft:coal_ore":58,"luminousworld:ishstone":11,"minecraft:cyan_carpet":2,"minecraft:gravel":17,"minecraft:dirt":11,"luminousworld:grassvariant_3":1,"minecraft:stripped_birch_wood":2,"minecraft:cobweb":12,"minecraft:red_mushroom_block":8,"minecraft:cyan_candle":1,"minecraft:piston":3,"minecraft:polished_deepslate_wall":1,"minecraft:oak_leaves":3,"werewolves:silver_ore":12,"minecraft:deepslate":588,"minecraft:fern":2,"minecraft:red_nether_brick_slab":1},"minecraft:used":{"minecraft:stone_sword":259,"minecraft:flint_and_steel":70,"minecraft:armor_stand":1,"quark:jungle_chest":1,"minecraft:shield":16,"vampirism:item_alchemical_fire":4,"vanillaplustools:stone_hammer":184,"minecraft:rotten_flesh":1,"minecraft:torch":43,"minecraft:dirt":8,"vampirism:coffin_white":1,"minecraft:jungle_planks":1,"minecraft:spruce_stairs":1,"minecraft:granite":6,"minecraft:dark_oak_planks":1,"minecraft:wooden_axe":13,"minecraft:jungle_button":1,"supplementaries:ash":1,"minecraft:furnace":3,"tombstone:gift":1,"minecraft:cooked_beef":1,"minecraft:cobbled_deepslate":133,"minecraft:dark_oak_sapling":1,"minecraft:calcite":1,"minecraft:water_bucket":90,"minecraft:spruce_door":1,"minecraft:gray_carpet":5,"minecraft:stone_pickaxe":126,"minecraft:wooden_pickaxe":17,"luminousworld:groundpebbles_1":2,"minecraft:jungle_boat":5,"minecraft:golden_apple":1,"minecraft:crafting_table":26,"supplementaries:bomb":1,"minecraft:white_bed":6,"minecraft:note_block":2,"minecraft:cake":1,"minecraft:dark_oak_log":1,"minecraft:bread":12,"minecraft:iron_pickaxe":79,"minecraft:gravel":2,"minecraft:stone_axe":246,"minecraft:cobblestone":216,"minecraft:andesite":38,"minecraft:bucket":91},"minecraft:custom":{"minecraft:mob_kills":83,"minecraft:interact_with_crafting_table":50,"minecraft:open_barrel":23,"minecraft:eat_cake_slice":2,"minecraft:damage_dealt_resisted":93,"minecraft:leave_game":1,"minecraft:time_since_death":1771,"minecraft:climb_one_cm":5995,"minecraft:sprint_one_cm":230658,"minecraft:walk_one_cm":213719,"minecraft:damage_blocked_by_shield":720,"minecraft:drop":73,"minecraft:play_noteblock":3,"minecraft:play_time":305470,"minecraft:sneak_time":18773,"minecraft:deaths":19,"minecraft:walk_under_water_one_cm":23861,"minecraft:boat_one_cm":192203,"minecraft:jump":1680,"minecraft:interact_with_blast_furnace":2,"minecraft:walk_on_water_one_cm":33296,"minecraft:total_world_time":305470,"minecraft:interact_with_furnace":10,"minecraft:tune_noteblock":3,"minecraft:sleep_in_bed":11,"minecraft:time_since_rest":1476,"minecraft:damage_absorbed":40,"minecraft:damage_taken":8619,"tombstone:sneak_grave":1,"minecraft:damage_dealt":17477,"minecraft:swim_one_cm":66277,"minecraft:fly_one_cm":218665,"minecraft:open_chest":30,"minecraft:crouch_one_cm":49411,"tombstone:undead_killed":65,"minecraft:fall_one_cm":49514}},"DataVersion":3465}