{"stats":{"minecraft:crafted":{"ecologics:walnut_planks":32,"minecraft:bookshelf":3,"minecraft:glass":32,"minecraft:diamond_helmet":1,"minecraft:diamond_leggings":2,"iceandfire:armor_black_helmet":1,"supplementaries:flute":1,"minecraft:glass_bottle":30,"minecraft:emerald":92,"minecraft:cooked_porkchop":4,"iceandfire:dread_knight_sword":3,"minecraft:diamond_axe":1,"minecraft:jungle_boat":1,"iceandfire:armor_red_chestplate":3,"minecraft:copper_ingot":9,"minecraft:iron_pickaxe":5,"minecraft:iron_block":13,"minecraft:gold_ingot":260,"minecraft:netherite_ingot":1,"minecraft:golden_carrot":4,"quark:vertical_blossom_planks":3,"quark:jungle_chest":1,"born_in_chaos_v1:pieceofdarkmetal":9,"luminousworld:white_oak_plank":96,"minecraft:stone_pickaxe":1,"minecraft:diamond_boots":1,"minecraft:dark_oak_planks":44,"iceandfire:armor_black_chestplate":1,"minecraft:wheat":567,"luminousworld:autumnplank":56,"minecraft:crossbow":6,"iceandfire:dragon_ice_spikes":7,"iceandfire:armor_black_boots":1,"werewolves:silver_ingot":13,"securitycraft:taser":1,"sophisticatedbackpacks:gold_backpack":1,"iceandfire:armor_red_helmet":4,"minecraft:iron_shovel":1,"minecraft:iron_leggings":1,"minecraft:white_bed":2,"minecraft:oak_planks":428,"naturalist:cooked_venison":2,"minecraft:cooked_chicken":3,"minecraft:bow":13,"minecraft:iron_boots":3,"iceandfire:manuscript":76,"sophisticatedbackpacks:backpack":1,"quark:blossom_planks":233,"minecraft:crafting_table":8,"mutantmonsters:creeper_minion_tracker":1,"minecraft:iron_helmet":1,"quark:vertical_jungle_planks":3,"minecraft:wooden_pickaxe":1,"minecraft:gold_block":35,"minecraft:birch_planks":112,"minecraft:string":8,"minecraft:iron_chestplate":1,"minecraft:shield":5,"minecraft:diamond_pickaxe":1,"sophisticatedbackpacks:diamond_backpack":1,"minecraft:stick":1504,"minecraft:iron_ingot":90,"minecraft:stone_sword":1,"minecraft:shears":6,"minecraft:cherry_planks":8,"minecraft:redstone":18,"minecraft:furnace":7,"quark:dark_oak_chest":1,"quark:acacia_chest":1,"minecraft:leather":11,"minecraft:iron_axe":1,"minecraft:iron_hoe":2,"iceandfire:armor_red_leggings":3,"iceandfire:armor_red_boots":4,"quark:birch_bookshelf":2,"sophisticatedbackpacks:iron_backpack":1,"minecraft:bone_block":7,"iceandfire:armor_black_leggings":1,"iceandfire:tide_trident":1,"minecraft:iron_sword":4,"minecraft:mangrove_planks":32,"minecraft:bucket":1,"minecraft:stone_axe":1,"quark:blossom_boat":1,"minecraft:acacia_boat":2,"minecraft:bread":217,"minecraft:air":0,"minecraft:jungle_planks":75,"minecraft:white_wool":6,"minecraft:acacia_planks":56,"minecraft:torch":40,"luminousworld:baobab_plank":480,"minecraft:diamond_chestplate":2},"minecraft:custom":{"minecraft:interact_with_crafting_table":144,"minecraft:open_barrel":64,"minecraft:bell_ring":47,"minecraft:eat_cake_slice":6,"minecraft:leave_game":6,"minecraft:time_since_death":12149,"minecraft:damage_blocked_by_shield":8801,"minecraft:play_time":597780,"minecraft:deaths":50,"minecraft:jump":6929,"minecraft:interact_with_furnace":109,"minecraft:traded_with_villager":129,"minecraft:sleep_in_bed":20,"minecraft:damage_dealt":63091,"tombstone:undead_killed":151,"minecraft:interact_with_smoker":1,"minecraft:inspect_dispenser":2,"minecraft:horse_one_cm":384975,"minecraft:sneak_time":29121,"vampirism:interact_with_injection_chair":1,"minecraft:total_world_time":597780,"vampirism:blood_drunk":600,"tombstone:raider_killed":7,"minecraft:time_since_rest":12121,"tombstone:cast_on_ally":0,"minecraft:swim_one_cm":191273,"minecraft:fly_one_cm":1160513,"minecraft:open_chest":247,"minecraft:fall_one_cm":257117,"minecraft:damage_resisted":32,"minecraft:sprint_one_cm":1168390,"minecraft:drop":707,"minecraft:talked_to_villager":138,"minecraft:interact_with_brewingstand":1,"minecraft:walk_on_water_one_cm":106305,"minecraft:crouch_one_cm":73004,"minecraft:mob_kills":277,"minecraft:damage_dealt_resisted":2896,"minecraft:climb_one_cm":30175,"minecraft:walk_one_cm":1521414,"minecraft:walk_under_water_one_cm":174422,"minecraft:boat_one_cm":179041,"minecraft:pot_flower":3,"minecraft:damage_taken":2147483647,"minecraft:damage_absorbed":80},"minecraft:used":{"minecraft:mangrove_stairs":2,"minecraft:birch_sapling":2,"minecraft:dark_oak_slab":1,"mowziesmobs:umvuthana_mask_rage":1,"minecraft:bow":131,"minecraft:oak_sapling":23,"supplementaries:ash":2,"mutantmonsters:hulk_hammer":88,"minecraft:furnace":12,"minecraft:mangrove_slab":1,"luminousworld:autumnplank":51,"minecraft:end_stone_bricks":2,"minecraft:wooden_pickaxe":12,"iceandfire:dread_stone_bricks":1,"minecraft:composter":1,"minecraft:jungle_boat":2,"minecraft:golden_apple":2,"minecraft:stripped_mangrove_wood":2,"luminousworld:baobab_plank":245,"minecraft:lightning_rod":1,"minecraft:diamond_sword":259,"minecraft:dark_oak_fence":1,"tombstone:scroll_of_lightning_resistance":1,"minecraft:stripped_acacia_wood":2,"minecraft:stone_sword":122,"quark:vertical_blossom_planks":3,"minecraft:torch":55,"minecraft:target":1,"quark:yellow_blossom_sapling":1,"minecraft:iron_axe":256,"minecraft:polished_deepslate_wall":1,"mutantmonsters:creeper_shard":14,"ecologics:walnut":5,"iceandfire:dragonegg_gray":2,"tombstone:gift":7,"quark:blossom_planks":14,"minecraft:cobbled_deepslate":99,"minecraft:acacia_planks":26,"minecraft:calcite":2,"minecraft:water_bucket":161,"minecraft:birch_planks":29,"luminousworld:white_oak_plank":59,"vampirism:item_garlic":2,"iceandfire:crackled_stone":3,"minecraft:fletching_table":16,"minecraft:crafting_table":48,"supplementaries:bomb":3,"minecraft:white_bed":9,"minecraft:cake":2,"minecraft:diamond_pickaxe":2,"minecraft:iron_pickaxe":1184,"tombstone:magic_scroll":6,"minecraft:spruce_trapdoor":2,"werewolves:liver":1,"quark:dark_oak_chest":1,"iceandfire:crackled_cobblestone":1,"minecraft:cobblestone":277,"minecraft:porkchop":3,"minecraft:cooked_porkchop":6,"minecraft:kelp":3,"minecraft:dandelion":1,"iceandfire:tide_trident":5,"minecraft:iron_shovel":103,"minecraft:shield":172,"minecraft:iron_sword":577,"luminousworld:savannah_ground":2,"naturalist:cooked_venison":1,"minecraft:mutton":2,"minecraft:jungle_planks":18,"minecraft:carrot":42,"minecraft:beehive":6,"minecraft:glass":2,"minecraft:lantern":2,"iceandfire:dragonsteel_fire_sword":1,"luminousworld:elephant_grass":1,"minecraft:stone_bricks":4,"ecologics:walnut_planks":17,"minecraft:birch_trapdoor":2,"minecraft:magma_block":2,"quark:birch_bookshelf":2,"iceandfire:armor_red_helmet":1,"minecraft:dark_oak_stairs":1,"minecraft:stone_pickaxe":2,"minecraft:mangrove_planks":33,"minecraft:oak_planks":44,"minecraft:diamond_axe":595,"luminousworld:groundpebbles_1":1,"minecraft:blue_bed":5,"minecraft:mushroom_stew":1,"minecraft:shears":9,"quark:blossom_boat":4,"minecraft:bread":200,"minecraft:iron_door":1,"minecraft:gravel":2,"ecologics:coconut_slice":2,"minecraft:chainmail_boots":1,"born_in_chaos_v1:river_mint":1,"minecraft:chain":1,"minecraft:bone_meal":1,"minecraft:cobweb":4,"quark:vertical_jungle_planks":3,"quark:jungle_chest":1,"minecraft:cooked_chicken":5,"minecraft:oak_door":4,"minecraft:dirt":28,"minecraft:red_nether_brick_slab":2,"luminousworld:grassflowers":1,"minecraft:granite":5,"minecraft:iron_hoe":72,"minecraft:dark_oak_planks":42,"minecraft:waxed_cut_copper":2,"minecraft:red_candle":10,"minecraft:iron_boots":1,"iceandfire:armor_red_leggings":1,"minecraft:golden_carrot":65,"minecraft:soul_soil":1,"minecraft:brown_bed":2,"minecraft:acacia_boat":8,"tombstone:scroll_of_knowledge":6,"minecraft:red_nether_bricks":10,"ecologics:walnut_sapling":1,"iceandfire:dread_knight_sword":193,"luminousworld:ishstone":2,"quark:acacia_chest":1,"mowziesmobs:sol_visage":2,"minecraft:stone_axe":76,"iceandfire:dragon_ice_spikes":7,"minecraft:bucket":161,"minecraft:pumpkin_pie":17,"alexsmobs:animal_dictionary":1,"minecraft:splash_potion":2},"minecraft:dropped":{"minecraft:iron_sword":3,"iceandfire:raw_silver":4,"minecraft:porkchop":1,"minecraft:glow_ink_sac":2,"minecraft:chorus_fruit":23,"minecraft:diamond":5,"minecraft:crossbow":1,"vampirism:hunter_coat_feet_ultimate":1,"minecraft:red_mushroom":10,"vampirism:hunter_coat_chest_ultimate":1,"minecraft:emerald":1,"born_in_chaos_v1:monster_flesh":3,"minecraft:dirt":44,"quark:acacia_chest":1,"iceandfire:dread_sword":1,"iceandfire:armor_red_boots":1,"minecraft:dark_oak_trapdoor":1,"alexsmobs:flying_fish":2,"iceandfire:armor_copper_metal_boots":2,"iceandfire:dread_stone_bricks":4,"minecraft:chain":6,"minecraft:gold_nugget":22,"minecraft:bone_meal":3,"minecraft:sand":24,"mutantmonsters:creeper_minion_tracker":1,"werewolves:wolfsbane":1,"minecraft:iron_pickaxe":2,"undead_revamp2:blacpetalblock":1,"minecraft:dark_oak_planks":4,"minecraft:mangrove_slab":12,"minecraft:cyan_carpet":4,"luminousworld:clovers_1":20,"minecraft:bone":34,"minecraft:note_block":2,"minecraft:stone_axe":1,"mutantmonsters:hulk_hammer":2,"minecraft:iron_nugget":32,"minecraft:cobbled_deepslate":1211,"minecraft:birch_sapling":1,"minecraft:wheat":17,"minecraft:obsidian":2,"undead_revamp2:arapholia":8,"minecraft:rotten_flesh":58,"werewolves:raw_silver":12,"minecraft:azure_bluet":1,"minecraft:salmon":1,"luminousworld:grassflowers":5,"luminousworld:baobab_plank":45,"minecraft:charcoal":4,"iceandfire:crackled_cobblestone":1,"minecraft:leather_leggings":1,"minecraft:red_nether_bricks":6,"minecraft:beef":2,"iceandfire:manuscript":26,"vampirism:item_garlic":29,"minecraft:enchanted_book":4,"minecraft:iron_ingot":8,"minecraft:wheat_seeds":27,"luminousworld:ishstone":22,"vampirism:pure_salt":8,"minecraft:feather":6,"minecraft:oak_fence":1,"minecraft:iron_helmet":2,"minecraft:cobblestone":35,"minecraft:apple":1,"minecraft:chainmail_helmet":6,"minecraft:coal":7,"minecraft:oxeye_daisy":1,"minecraft:cobweb":35,"iceandfire:armor_red_helmet":1,"iceandfire:copper_nugget":129,"skilltree:gem":6,"minecraft:diamond_helmet":1,"minecraft:potion":2,"minecraft:paper":13,"iceandfire:dragonsteel_fire_sword":2,"minecraft:iron_shovel":2,"minecraft:string":15,"minecraft:acacia_planks":1,"iceandfire:dragon_skull_fire":2,"minecraft:spruce_sapling":1,"iceandfire:silver_nugget":30,"iceandfire:armor_black_boots":1,"minecraft:dark_oak_sign":3,"minecraft:bowl":3,"minecraft:clay_ball":24,"minecraft:iron_boots":3,"iceandfire:armor_black_leggings":1,"minecraft:potato":9,"minecraft:hay_block":15,"minecraft:stone":3,"minecraft:sea_pickle":3,"ecologics:walnut":1,"minecraft:bundle":3,"mowziesmobs:clawed_log":1,"minecraft:spider_eye":11,"luminousworld:elephant_grass":2,"minecraft:bow":1,"supplementaries:flute":3,"naturalist:antler":1,"minecraft:moss_block":1,"minecraft:brown_mushroom":6,"minecraft:dark_oak_stairs":1,"luminousworld:white_petunias":2,"minecraft:stripped_birch_wood":1,"minecraft:red_nether_brick_slab":4,"iceandfire:fire_dragon_flesh":9,"minecraft:jungle_planks":21,"minecraft:mangrove_planks":2,"minecraft:cod":4,"minecraft:flint":3,"ecologics:walnut_planks":11,"minecraft:cornflower":3,"minecraft:pumpkin_pie":10,"iceandfire:ash":1,"iceandfire:dread_shard":18,"minecraft:gold_ingot":12,"minecraft:gravel":7,"minecraft:spyglass":1,"vampirism:holy_water_bottle_normal":2,"naturalist:cooked_venison":1,"iceandfire:armor_red_leggings":1,"vampirism:holy_water_bottle_enhanced":1,"securitycraft:taser":2,"iceandfire:fire_lily":2,"minecraft:mangrove_sign":1,"minecraft:carrot":25,"minecraft:chainmail_chestplate":5,"minecraft:poppy":4,"minecraft:leather_chestplate":1,"supplementaries:ash":37,"minecraft:gunpowder":15,"born_in_chaos_v1:corpse_maggot":19,"ecologics:coconut_husk":2,"minecraft:chainmail_boots":2,"minecraft:birch_door":4,"minecraft:chest":1,"born_in_chaos_v1:diamond_termite_shard":2,"minecraft:iron_bars":5,"minecraft:arrow":8,"iceandfire:armor_copper_metal_leggings":2,"minecraft:bread":52,"quark:blossom_planks":3,"minecraft:diamond_leggings":1,"quark:orange_corundum_cluster":4,"iceandfire:armor_copper_metal_chestplate":3,"minecraft:amethyst_block":16,"luminousworld:decorative_brown_mushroom_1":1,"minecraft:copper_ingot":26,"iceandfire:lightning_dragon_flesh":13,"werewolves:silver_ingot":13,"minecraft:stick":4,"minecraft:iron_block":1,"illagerinvasion:platinum_chunk":1,"minecraft:diorite":9,"born_in_chaos_v1:river_mint":4,"tombstone:grave_key":1,"minecraft:brown_wool":1,"born_in_chaos_v1:fused_bone":2,"minecraft:map":1,"tombstone:grave_dust":32,"iceandfire:armor_black_helmet":1,"minecraft:iron_axe":3,"vampirism:garlic_bread":1,"minecraft:dandelion":4,"minecraft:smooth_basalt":33,"minecraft:redstone":28,"iceandfire:armor_red_chestplate":1,"minecraft:kelp":3,"minecraft:raw_copper":5,"minecraft:tuff":161,"supplementaries:bomb":2,"minecraft:raw_iron":7,"quark:dark_oak_chest":1,"iceandfire:witherbone":1,"minecraft:light_gray_wool":2,"minecraft:iron_hoe":4,"minecraft:flint_and_steel":1,"luminousworld:yellow_grassflowers":4,"minecraft:diamond_chestplate":2,"iceandfire:chared_cobblestone":6,"minecraft:iron_chestplate":2,"luminousworld:groundpebbles_1":10,"minecraft:andesite":2,"minecraft:golden_leggings":3,"minecraft:oak_sapling":1,"tombstone:essence_of_undeath":1,"minecraft:spruce_log":1,"minecraft:diamond_boots":1,"iceandfire:armor_black_chestplate":1,"minecraft:stone_pickaxe":2,"minecraft:calcite":82},"minecraft:killed_by":{"minecraft:zombie":1,"mowziesmobs:umvuthi":1,"iceandfire:fire_dragon":3,"minecraft:player":1,"iceandfire:gorgon":3},"minecraft:killed":{"luminousworld:miner_zombie":1,"vampirism:vampire":2,"born_in_chaos_v1:restless_spirit":1,"born_in_chaos_v1:zombie_lumberjack":1,"born_in_chaos_v1:pumpkin_spirit":1,"iceandfire:gorgon":1,"enemyexpansion:equestrian":2,"born_in_chaos_v1:siamese_skeletonsright":1,"undead_revamp2:theswarmer":1,"born_in_chaos_v1:baby_skeleton_minion":2,"minecraft:skeleton":26,"luminousworld:dark_oak_skeleton":2,"mowziesmobs:umvuthana_crane":12,"ecologics:coconut_crab":1,"iceandfire:dread_scuttler":11,"undead_revamp2:thespitter":1,"naturalist:firefly":1,"undead_revamp2:theheavy":1,"minecraft:pillager":3,"enemyexpansion:meature":1,"minecraft:zombie":21,"born_in_chaos_v1:corpse_fly":4,"enemyexpansion:botfly":1,"iceandfire:dread_ghoul":10,"iceandfire:sea_serpent":1,"undead_revamp2:thehunter":1,"minecraft:vindicator":1,"illagerinvasion:marauder":1,"undead_revamp2:bomber":2,"naturalist:deer":1,"iceandfire:dread_knight":11,"earthmobsmod:teacup_pig":1,"friendsandfoes:copper_golem":2,"born_in_chaos_v1:bone_imp_minion":5,"undead_revamp2:the_moonflower":8,"enemyexpansion:sprinter":3,"earthmobsmod:cream_cow":1,"earthmobsmod:wooly_cow":1,"born_in_chaos_v1:decrepit_skeleton":3,"born_in_chaos_v1:bloody_gadfly":1,"undead_revamp2:thesomnolence":5,"born_in_chaos_v1:dark_vortex":1,"mowziesmobs:umvuthi":1,"minecraft:spider":4,"undead_revamp2:thesmoker":3,"minecraft:bee":1,"minecraft:silverfish":1,"undead_revamp2:therod":1,"luminousworld:charaxes":1,"minecraft:pig":1,"alexsmobs:grizzly_bear":1,"minecraft:zombie_villager":1,"born_in_chaos_v1:diamond_termite":4,"vampirism:hunter":2,"born_in_chaos_v1:zombie_fisherman":1,"born_in_chaos_v1:dread_hound":2,"illagerinvasion:sorcerer":1,"minecraft:stray":4,"luminousworld:dark_oak_zombie":2,"enemyexpansion:wasp":1,"born_in_chaos_v1:siamese_skeletonsleft":2,"enemyexpansion:direwolf":5,"born_in_chaos_v1:zombie_bruiser":1,"born_in_chaos_v1:maggot":14,"minecraft:phantom":1,"iceandfire:dread_thrall":17,"iceandfire:fire_dragon":1,"takesapillage:clay_golem":1,"born_in_chaos_v1:corpse_fish":1,"undead_revamp2:sucker":1,"luminousworld:savannah_zombie":3,"mowziesmobs:umvuthana":18,"born_in_chaos_v1:baby_skeleton":1,"born_in_chaos_v1:decaying_zombie":1,"ecologics:squirrel":1,"born_in_chaos_v1:bonescaller_not_despawn":1,"born_in_chaos_v1:nightmare_stalker":1,"minecraft:wither_skeleton":6,"enemyexpansion:slugger":1},"minecraft:mined":{"minecraft:dark_oak_planks":20,"minecraft:red_nether_brick_slab":2,"minecraft:white_bed":7,"luminousworld:autumnleaves":1,"iceandfire:copper_pile":6,"minecraft:red_nether_bricks":7,"mowziesmobs:clawed_log":1,"minecraft:obsidian":2,"minecraft:jungle_log":18,"luminousworld:savanna_grass_2":3,"minecraft:spawner":10,"minecraft:tall_seagrass":1,"quark:birch_bookshelf":2,"minecraft:magma_block":2,"minecraft:dark_oak_trapdoor":1,"minecraft:cobbled_deepslate":5,"minecraft:fire":15,"minecraft:fletching_table":15,"minecraft:stripped_dark_oak_wood":1,"iceandfire:gold_pile":239,"illagerinvasion:magic_fire":12,"minecraft:stripped_mangrove_wood":5,"iceandfire:dread_stone_bricks_cracked":1,"minecraft:iron_block":1,"minecraft:kelp_plant":6,"quark:blossom_log":65,"minecraft:amethyst_block":5,"iceandfire:crackled_stone":2,"minecraft:grass":79,"luminousworld:bao_bab_leaves":1,"luminousworld:grassvariant_3":11,"minecraft:stripped_birch_wood":1,"minecraft:red_mushroom_block":23,"minecraft:deepslate":282,"luminousworld:savannah_ground":2,"iceandfire:silver_ore":4,"minecraft:dead_bubble_coral":1,"minecraft:dark_oak_log":10,"minecraft:dark_oak_fence":1,"minecraft:jungle_planks":4,"minecraft:redstone_wire":1,"luminousworld:grassvariant_2":21,"luminousworld:whiteoakleaves":1,"minecraft:moss_block":4,"minecraft:kelp":6,"minecraft:andesite":2,"vampirism:altar_infusion":1,"minecraft:vine":3,"minecraft:bamboo":9,"minecraft:white_wool":10,"minecraft:redstone_block":2,"quark:dark_oak_chest":1,"minecraft:dandelion":147,"minecraft:emerald_ore":17,"ecologics:walnut_leaves":2,"luminousworld:auburnlog":14,"minecraft:lightning_rod":1,"minecraft:tall_grass":11,"minecraft:deepslate_gold_ore":14,"minecraft:diorite":11,"luminousworld:whiteoaklog":46,"minecraft:birch_leaves":6,"vampirism:garlic":2,"iceandfire:silver_pile":9,"luminousworld:ishstone":10,"minecraft:gravel":8,"minecraft:cobweb":27,"minecraft:acacia_planks":2,"minecraft:stone_bricks":4,"luminousworld:elephant_grass":1,"minecraft:oak_sapling":1,"luminousworld:yellowpetunias":1,"quark:yellow_blossom_leaves":246,"minecraft:brewing_stand":1,"minecraft:spruce_trapdoor":2,"minecraft:dead_horn_coral":1,"luminousworld:bao_bob_wood":41,"minecraft:grass_block":21,"minecraft:infested_cobblestone":2,"iceandfire:dread_spawner":5,"luminousworld:baobab_plank":3,"minecraft:composter":1,"iceandfire:crackled_cobblestone":3,"supplementaries:ash":1,"minecraft:iron_ore":32,"minecraft:target":1,"quark:blossom_planks":12,"minecraft:dark_oak_stairs":4,"minecraft:brown_bed":3,"minecraft:iron_bars":5,"quark:vertical_blossom_planks":3,"ecologics:walnut_log":12,"minecraft:end_stone_bricks":2,"iceandfire:chared_cobblestone":3,"minecraft:waxed_cut_copper":2,"minecraft:deepslate_redstone_ore":36,"quark:vertical_jungle_planks":3,"minecraft:clay":4,"iceandfire:dragon_ice_spikes":2,"minecraft:calcite":6,"minecraft:cobblestone":68,"minecraft:oak_planks":18,"minecraft:wall_torch":5,"minecraft:dark_oak_slab":1,"minecraft:birch_log":36,"minecraft:birch_trapdoor":2,"minecraft:light_gray_wool":2,"luminousworld:bao_bob_log":133,"minecraft:oak_log":158,"minecraft:sand":71,"minecraft:dirt":36,"luminousworld:savannah_grass_4":4,"minecraft:oak_leaves":59,"iceandfire:dread_stone_bricks":1,"minecraft:cyan_candle":1,"werewolves:silver_ore":5,"minecraft:diamond_ore":1,"minecraft:tuff":10,"minecraft:stripped_mangrove_log":3,"minecraft:dark_oak_leaves":3,"minecraft:deepslate_diamond_ore":32,"luminousworld:grassvariant_4":6,"minecraft:oak_door":3,"born_in_chaos_v1:infected_diamond_ore":2,"quark:acacia_chest":1,"minecraft:spruce_leaves":7,"luminousworld:white_oak_plank":3,"minecraft:dead_horn_coral_wall_fan":1,"minecraft:hay_block":76,"minecraft:spore_blossom":1,"minecraft:furnace":5,"minecraft:carrots":6,"iceandfire:dragon_bone_block":1,"minecraft:gold_block":2,"minecraft:bookshelf":4,"minecraft:deepslate_iron_ore":11,"minecraft:stripped_oak_log":1,"minecraft:stone":305,"minecraft:pink_terracotta":1,"luminousworld:soft_birch_log":10,"minecraft:crafting_table":39,"luminousworld:savannah_grass_1":2,"minecraft:blue_bed":2,"supplementaries:urn":8,"minecraft:birch_planks":1,"minecraft:beehive":6,"minecraft:mangrove_planks":2,"minecraft:mangrove_slab":12,"minecraft:coal_ore":1,"ecologics:walnut_planks":8,"minecraft:stripped_acacia_wood":17},"minecraft:broken":{"aether:golden_gloves":1,"minecraft:diamond_helmet":1,"minecraft:iron_boots":1,"minecraft:iron_leggings":1,"minecraft:iron_sword":1,"minecraft:stone_sword":1,"minecraft:diamond_leggings":1,"minecraft:shield":4,"minecraft:iron_axe":1,"minecraft:iron_pickaxe":3,"mutantmonsters:hulk_hammer":1,"iceandfire:armor_red_boots":2,"minecraft:diamond_boots":1,"iceandfire:armor_red_helmet":2,"minecraft:golden_chestplate":1,"iceandfire:armor_red_leggings":1,"iceandfire:armor_red_chestplate":1},"minecraft:picked_up":{"iceandfire:dread_stone_bricks":5,"minecraft:birch_door":4,"minecraft:iron_chestplate":2,"minecraft:chainmail_boots":3,"securitycraft:taser":2,"minecraft:brown_bed":3,"minecraft:enchanted_book":1,"minecraft:brewing_stand":1,"minecraft:polished_deepslate_wall":1,"minecraft:amethyst_block":16,"iceandfire:manuscript":8,"minecraft:string":60,"minecraft:dark_oak_trapdoor":1,"minecraft:soul_soil":1,"minecraft:red_nether_bricks":16,"minecraft:gold_nugget":2061,"minecraft:cobbled_deepslate":1447,"iceandfire:dragonforge_ice_brick":7,"minecraft:enchanted_golden_apple":1,"minecraft:beehive":6,"luminousworld:auburnlog":14,"minecraft:composter":1,"werewolves:liver":1,"quark:blossom_log":58,"iceandfire:lightning_dragon_flesh":13,"minecraft:lightning_rod":1,"minecraft:cherry_log":2,"minecraft:pink_terracotta":1,"luminousworld:grassflowers":6,"luminousworld:yellow_grassflowers":4,"iceandfire:fire_dragon_heart":3,"minecraft:iron_block":1,"supplementaries:quiver":1,"supplementaries:ash":42,"minecraft:waxed_cut_copper":2,"minecraft:iron_bars":5,"alexsmobs:flying_fish":2,"minecraft:birch_log":36,"iceandfire:dragonscales_black":72,"minecraft:magma_block":2,"minecraft:feather":21,"minecraft:iron_door":1,"minecraft:jungle_log":18,"minecraft:brown_wool":1,"minecraft:flint":2,"minecraft:mangrove_slab":15,"minecraft:lantern":2,"undead_revamp2:blacpetalblock":1,"luminousworld:elephant_grass":3,"minecraft:dark_oak_sign":3,"minecraft:moss_block":1,"minecraft:stripped_acacia_wood":16,"iceandfire:dragon_skull_fire":3,"iceandfire:lightning_dragon_heart":1,"minecraft:dark_oak_log":10,"iceandfire:chared_cobblestone":6,"undead_revamp2:heavytooth":1,"minecraft:bundle":5,"minecraft:iron_hoe":3,"naturalist:antler":1,"iceandfire:crackled_stone":3,"minecraft:granite":5,"minecraft:chainmail_helmet":7,"minecraft:bread":126,"iceandfire:gorgon_head":1,"minecraft:dark_oak_fence":1,"iceandfire:raw_silver":4,"minecraft:diamond_pickaxe":1,"iceandfire:dragon_skull_lightning":2,"luminousworld:groundpebbles_1":11,"minecraft:crafting_table":40,"iceandfire:witherbone":2,"minecraft:clay_ball":24,"born_in_chaos_v1:seedof_chaos":3,"minecraft:leather_leggings":1,"quark:dark_oak_chest":1,"minecraft:stripped_mangrove_log":3,"minecraft:cornflower":3,"minecraft:iron_shovel":2,"minecraft:beef":5,"iceandfire:dread_knight_sword":4,"iceandfire:dread_shard":112,"minecraft:poppy":4,"quark:yellow_blossom_sapling":3,"minecraft:chest":1,"minecraft:birch_sapling":3,"quark:orange_corundum_cluster":4,"minecraft:stone":3,"minecraft:oak_door":4,"quark:jungle_chest":1,"werewolves:raw_silver":24,"minecraft:mangrove_sign":1,"born_in_chaos_v1:pieceofdarkmetal":2,"iceandfire:armor_copper_metal_boots":2,"minecraft:carrot":40,"minecraft:redstone":232,"mutantmonsters:creeper_shard":1,"mowziesmobs:umvuthana_mask_faith":3,"luminousworld:decorative_brown_mushroom_1":1,"minecraft:diamond_chestplate":1,"quark:acacia_chest":1,"mowziesmobs:umvuthana_mask_bliss":3,"minecraft:hay_block":78,"tombstone:essence_of_undeath":1,"minecraft:gold_ingot":2,"minecraft:mutton":2,"minecraft:white_wool":20,"minecraft:oxeye_daisy":1,"minecraft:stripped_oak_log":1,"iceandfire:sea_serpent_fang":40,"born_in_chaos_v1:monster_flesh":3,"luminousworld:ishstone":24,"minecraft:red_mushroom":10,"minecraft:oak_log":153,"minecraft:blue_bed":2,"minecraft:white_banner":1,"minecraft:apple":5,"minecraft:stone_bricks":4,"mowziesmobs:umvuthana_mask_rage":3,"minecraft:kelp":25,"minecraft:stone_pickaxe":1,"minecraft:cobweb":18,"minecraft:mangrove_planks":5,"minecraft:iron_sword":5,"minecraft:dark_oak_stairs":2,"iceandfire:copper_nugget":129,"minecraft:smooth_basalt":33,"minecraft:dark_oak_slab":1,"mowziesmobs:clawed_log":1,"iceandfire:dragonsteel_fire_sword":2,"born_in_chaos_v1:orbofthe_summoner":1,"born_in_chaos_v1:ethereal_spirit":4,"minecraft:gravel":9,"minecraft:spruce_sapling":1,"minecraft:spruce_log":1,"minecraft:diamond_axe":1,"iceandfire:dragonforge_ice_input":1,"mowziesmobs:umvuthana_mask_fear":6,"minecraft:red_nether_brick_slab":6,"minecraft:wheat":56,"illagerinvasion:platinum_chunk":1,"minecraft:redstone_block":2,"iceandfire:armor_copper_metal_chestplate":3,"minecraft:potion":1,"tombstone:grave_key":1,"minecraft:raw_copper":14,"iceandfire:sea_serpent_scales_teal":51,"aether:diamond_gloves":1,"minecraft:red_candle":10,"minecraft:sea_pickle":3,"minecraft:calcite":84,"minecraft:iron_pickaxe":1,"iceandfire:dragonscales_red":112,"minecraft:iron_boots":2,"minecraft:furnace":6,"minecraft:tipped_arrow":2,"minecraft:stick":22,"ecologics:walnut_log":12,"iceandfire:armor_copper_metal_leggings":2,"minecraft:birch_trapdoor":2,"minecraft:oak_fence":1,"minecraft:torch":15,"iceandfire:dread_sword":1,"minecraft:porkchop":6,"minecraft:target":1,"werewolves:wolfsbane":1,"minecraft:diorite":9,"tombstone:grave_dust":40,"born_in_chaos_v1:nightmare_claw":1,"quark:blossom_planks":17,"mutantmonsters:hulk_hammer":3,"minecraft:mangrove_stairs":3,"minecraft:rotten_flesh":81,"luminousworld:soft_birch_log":10,"minecraft:stripped_birch_wood":1,"minecraft:obsidian":2,"undead_revamp2:arapholia":8,"minecraft:cobblestone":409,"ecologics:walnut_planks":14,"luminousworld:savannah_ground":2,"ecologics:walnut":6,"minecraft:leather_chestplate":1,"minecraft:andesite":2,"minecraft:golden_leggings":3,"minecraft:potato":7,"alexsmobs:bear_fur":1,"minecraft:tuff":229,"supplementaries:flute":2,"minecraft:acacia_boat":6,"skilltree:gem":23,"minecraft:dirt":72,"mutantmonsters:creeper_minion_tracker":1,"iceandfire:dragonscales_bronze":12,"born_in_chaos_v1:monster_skin":4,"minecraft:bone":109,"minecraft:acacia_planks":2,"minecraft:bow":1,"minecraft:wheat_seeds":26,"minecraft:raw_gold":14,"vampirism:item_garlic":20,"minecraft:fletching_table":16,"minecraft:bamboo":58,"minecraft:oak_planks":18,"minecraft:sand":67,"minecraft:jungle_planks":14,"iceandfire:dragon_bone_block":4,"minecraft:diamond":35,"minecraft:crossbow":1,"minecraft:bone_meal":1,"minecraft:golden_apple":2,"minecraft:emerald":31,"werewolves:cracked_bone":8,"iceandfire:silver_nugget":30,"luminousworld:bao_bob_log":132,"minecraft:oak_sapling":28,"quark:blossom_boat":3,"minecraft:end_stone_bricks":2,"born_in_chaos_v1:diamond_termite_shard":6,"minecraft:azure_bluet":1,"born_in_chaos_v1:river_mint":5,"naturalist:venison":2,"iceandfire:dread_stone_tile":9,"iceandfire:fire_lily":2,"minecraft:brown_mushroom":6,"luminousworld:bao_bob_wood":40,"minecraft:gold_block":2,"minecraft:chain":7,"minecraft:shield":1,"minecraft:iron_axe":2,"minecraft:cyan_carpet":4,"ecologics:walnut_sapling":1,"minecraft:light_gray_wool":2,"luminousworld:white_oak_plank":3,"minecraft:spruce_trapdoor":2,"iceandfire:dragonbone":94,"minecraft:raw_iron":94,"minecraft:stripped_mangrove_wood":7,"ecologics:coconut_slice":2,"minecraft:copper_ingot":12,"minecraft:bowl":2,"minecraft:note_block":2,"minecraft:dark_oak_planks":23,"quark:vertical_jungle_planks":3,"luminousworld:baobab_plank":4,"minecraft:arrow":183,"minecraft:pumpkin_pie":1,"minecraft:stripped_dark_oak_wood":1,"born_in_chaos_v1:fused_bone":3,"born_in_chaos_v1:corpse_maggot":19,"minecraft:jungle_boat":1,"minecraft:glow_ink_sac":2,"minecraft:salmon":1,"minecraft:leather":8,"minecraft:birch_planks":1,"minecraft:chainmail_chestplate":6,"iceandfire:dread_stone_bricks_cracked":1,"iceandfire:dragonegg_gray":3,"vampirism:human_heart":2,"minecraft:iron_ingot":8,"minecraft:cooked_chicken":1,"sophisticatedbackpacks:smelting_upgrade":1,"luminousworld:white_petunias":2,"iceandfire:fire_dragon_flesh":9,"mowziesmobs:umvuthana_mask_misery":3,"iceandfire:crackled_cobblestone":2,"minecraft:book":22,"luminousworld:clovers_1":20,"iceandfire:ash":1,"minecraft:dandelion":149,"born_in_chaos_v1:dark_rod":1,"minecraft:white_bed":7,"vampirism:altar_infusion":1,"minecraft:spider_eye":11,"luminousworld:whiteoaklog":46,"minecraft:chainmail_leggings":2,"minecraft:iron_helmet":2,"tombstone:magic_scroll":4,"quark:vertical_blossom_planks":3,"minecraft:coal":16}},"DataVersion":3465}