{"stats":{"minecraft:killed_by":{"minecraft:zombie":1},"minecraft:dropped":{"iceandfire:raw_silver":4,"minecraft:moss_block":1,"minecraft:brown_mushroom":3,"minecraft:chorus_fruit":17,"minecraft:stripped_birch_wood":1,"minecraft:jungle_planks":21,"minecraft:red_mushroom":10,"minecraft:flint":2,"ecologics:walnut_planks":6,"minecraft:dirt":6,"minecraft:pumpkin_pie":10,"minecraft:iron_pickaxe":1,"minecraft:bone":18,"minecraft:gravel":7,"minecraft:stone_axe":1,"minecraft:spyglass":1,"minecraft:cobbled_deepslate":1211,"minecraft:wheat":2,"minecraft:obsidian":2,"minecraft:rotten_flesh":11,"werewolves:raw_silver":4,"minecraft:mangrove_sign":1,"minecraft:salmon":1,"minecraft:carrot":22,"minecraft:chainmail_chestplate":1,"supplementaries:ash":8,"born_in_chaos_v1:corpse_maggot":12,"minecraft:arrow":6,"minecraft:beef":2,"vampirism:item_garlic":12,"minecraft:iron_ingot":5,"minecraft:enchanted_book":1,"minecraft:bread":51,"minecraft:wheat_seeds":4,"luminousworld:ishstone":22,"vampirism:pure_salt":1,"minecraft:diamond_leggings":1,"minecraft:iron_helmet":1,"minecraft:cobblestone":27,"minecraft:amethyst_block":16,"minecraft:coal":3,"werewolves:silver_ingot":13,"minecraft:stick":2,"minecraft:iron_block":1,"minecraft:diorite":4,"tombstone:grave_key":1,"minecraft:brown_wool":1,"minecraft:diamond_helmet":1,"tombstone:grave_dust":11,"minecraft:string":8,"vampirism:garlic_bread":1,"minecraft:acacia_planks":1,"minecraft:smooth_basalt":33,"minecraft:redstone":8,"minecraft:tuff":161,"supplementaries:bomb":2,"iceandfire:witherbone":1,"minecraft:raw_iron":1,"minecraft:light_gray_wool":2,"minecraft:clay_ball":24,"minecraft:iron_boots":2,"minecraft:iron_hoe":3,"minecraft:flint_and_steel":1,"minecraft:potato":3,"minecraft:hay_block":13,"minecraft:diamond_chestplate":1,"minecraft:iron_chestplate":1,"luminousworld:groundpebbles_1":3,"minecraft:andesite":2,"minecraft:diamond_boots":1,"minecraft:stone_pickaxe":2,"minecraft:calcite":79,"supplementaries:flute":2},"minecraft:picked_up":{"minecraft:iron_chestplate":1,"minecraft:wheat":3,"minecraft:enchanted_book":1,"tombstone:grave_key":1,"minecraft:amethyst_block":16,"minecraft:string":4,"minecraft:soul_soil":1,"minecraft:raw_copper":9,"minecraft:red_nether_bricks":1,"minecraft:gold_nugget":18,"minecraft:cobbled_deepslate":1447,"minecraft:calcite":79,"minecraft:furnace":6,"minecraft:iron_boots":1,"minecraft:beehive":5,"minecraft:stick":22,"ecologics:walnut_log":8,"minecraft:torch":9,"quark:blossom_log":58,"minecraft:porkchop":2,"minecraft:target":1,"minecraft:cherry_log":2,"minecraft:diorite":4,"tombstone:grave_dust":13,"minecraft:pink_terracotta":1,"quark:blossom_planks":11,"minecraft:rotten_flesh":19,"supplementaries:ash":8,"minecraft:stripped_birch_wood":1,"minecraft:cobblestone":298,"minecraft:birch_log":18,"ecologics:walnut_planks":4,"minecraft:magma_block":2,"ecologics:walnut":5,"minecraft:andesite":2,"minecraft:jungle_log":18,"minecraft:brown_wool":1,"minecraft:potato":1,"minecraft:flint":2,"minecraft:tuff":229,"supplementaries:flute":2,"minecraft:acacia_boat":6,"skilltree:gem":17,"minecraft:dirt":26,"born_in_chaos_v1:monster_skin":1,"minecraft:bone":23,"minecraft:acacia_planks":2,"minecraft:wheat_seeds":3,"minecraft:raw_gold":14,"vampirism:item_garlic":9,"minecraft:fletching_table":14,"minecraft:bamboo":58,"minecraft:moss_block":1,"minecraft:oak_planks":18,"minecraft:stripped_acacia_wood":16,"minecraft:sand":43,"minecraft:jungle_planks":14,"minecraft:dark_oak_log":10,"minecraft:iron_hoe":2,"naturalist:antler":1,"minecraft:diamond":34,"minecraft:granite":5,"minecraft:emerald":8,"minecraft:bread":126,"werewolves:cracked_bone":1,"minecraft:oak_sapling":25,"iceandfire:silver_nugget":10,"iceandfire:raw_silver":4,"minecraft:end_stone_bricks":2,"born_in_chaos_v1:diamond_termite_shard":5,"luminousworld:groundpebbles_1":4,"minecraft:crafting_table":17,"iceandfire:witherbone":2,"minecraft:clay_ball":24,"naturalist:venison":2,"minecraft:brown_mushroom":3,"minecraft:gold_block":2,"quark:dark_oak_chest":1,"ecologics:walnut_sapling":1,"minecraft:beef":2,"minecraft:light_gray_wool":2,"quark:yellow_blossom_sapling":3,"minecraft:birch_sapling":2,"minecraft:spruce_trapdoor":2,"minecraft:raw_iron":88,"minecraft:stripped_mangrove_wood":3,"minecraft:copper_ingot":2,"quark:jungle_chest":1,"werewolves:raw_silver":17,"minecraft:mangrove_sign":1,"born_in_chaos_v1:pieceofdarkmetal":1,"minecraft:carrot":3,"minecraft:redstone":166,"minecraft:dark_oak_planks":10,"quark:vertical_jungle_planks":3,"minecraft:arrow":13,"quark:acacia_chest":1,"minecraft:hay_block":61,"minecraft:white_wool":20,"born_in_chaos_v1:fused_bone":1,"minecraft:stripped_oak_log":1,"born_in_chaos_v1:corpse_maggot":12,"minecraft:jungle_boat":1,"born_in_chaos_v1:monster_flesh":1,"minecraft:salmon":1,"luminousworld:ishstone":23,"minecraft:leather":7,"minecraft:red_mushroom":10,"minecraft:oak_log":104,"minecraft:chainmail_chestplate":1,"minecraft:blue_bed":2,"minecraft:apple":4,"minecraft:iron_ingot":1,"minecraft:stone_pickaxe":1,"minecraft:cooked_chicken":1,"minecraft:dark_oak_stairs":1,"iceandfire:copper_nugget":14,"minecraft:smooth_basalt":33,"born_in_chaos_v1:ethereal_spirit":2,"minecraft:dandelion":70,"minecraft:gravel":9,"born_in_chaos_v1:dark_rod":1,"vampirism:altar_infusion":1,"luminousworld:whiteoaklog":24,"tombstone:magic_scroll":2,"quark:vertical_blossom_planks":3,"minecraft:coal":7},"minecraft:killed":{"vampirism:vampire":2,"born_in_chaos_v1:restless_spirit":1,"born_in_chaos_v1:zombie_lumberjack":1,"undead_revamp2:thesmoker":2,"minecraft:skeleton":5,"minecraft:bee":1,"luminousworld:dark_oak_skeleton":2,"minecraft:silverfish":1,"undead_revamp2:therod":1,"minecraft:pig":1,"born_in_chaos_v1:diamond_termite":4,"born_in_chaos_v1:zombie_fisherman":1,"minecraft:zombie":8,"born_in_chaos_v1:dread_hound":1,"born_in_chaos_v1:corpse_fly":3,"enemyexpansion:botfly":1,"luminousworld:dark_oak_zombie":2,"enemyexpansion:wasp":1,"born_in_chaos_v1:siamese_skeletonsleft":1,"enemyexpansion:direwolf":3,"born_in_chaos_v1:maggot":2,"minecraft:phantom":1,"naturalist:deer":1,"takesapillage:clay_golem":1,"born_in_chaos_v1:corpse_fish":1,"earthmobsmod:wooly_cow":1,"born_in_chaos_v1:decrepit_skeleton":2,"born_in_chaos_v1:dark_vortex":1,"minecraft:wither_skeleton":6,"enemyexpansion:slugger":1},"minecraft:broken":{"aether:golden_gloves":1,"minecraft:iron_leggings":1,"minecraft:iron_sword":1,"minecraft:golden_chestplate":1,"minecraft:stone_sword":1,"minecraft:shield":1,"minecraft:iron_axe":1,"minecraft:iron_pickaxe":2},"minecraft:crafted":{"minecraft:oak_planks":404,"minecraft:cooked_chicken":3,"ecologics:walnut_planks":32,"minecraft:glass":32,"minecraft:diamond_helmet":1,"minecraft:bow":12,"minecraft:diamond_leggings":2,"minecraft:iron_boots":2,"supplementaries:flute":1,"minecraft:glass_bottle":30,"minecraft:emerald":69,"sophisticatedbackpacks:backpack":1,"quark:blossom_planks":233,"minecraft:cooked_porkchop":4,"minecraft:diamond_axe":1,"minecraft:crafting_table":4,"minecraft:jungle_boat":1,"minecraft:wooden_pickaxe":1,"minecraft:iron_helmet":1,"quark:vertical_jungle_planks":3,"minecraft:copper_ingot":9,"minecraft:birch_planks":72,"minecraft:string":8,"minecraft:iron_chestplate":1,"minecraft:diamond_pickaxe":1,"minecraft:shield":3,"sophisticatedbackpacks:diamond_backpack":1,"minecraft:stick":1448,"minecraft:iron_ingot":71,"minecraft:iron_pickaxe":4,"minecraft:stone_sword":1,"minecraft:gold_ingot":18,"minecraft:netherite_ingot":1,"minecraft:shears":6,"minecraft:cherry_planks":8,"quark:vertical_blossom_planks":3,"quark:jungle_chest":1,"minecraft:furnace":6,"quark:dark_oak_chest":1,"quark:acacia_chest":1,"minecraft:leather":4,"minecraft:iron_axe":1,"minecraft:iron_hoe":2,"minecraft:stone_pickaxe":1,"minecraft:diamond_boots":1,"minecraft:dark_oak_planks":40,"minecraft:wheat":99,"sophisticatedbackpacks:iron_backpack":1,"minecraft:crossbow":6,"minecraft:iron_sword":2,"werewolves:silver_ingot":13,"sophisticatedbackpacks:gold_backpack":1,"minecraft:mangrove_planks":12,"minecraft:bucket":1,"minecraft:stone_axe":1,"minecraft:jungle_planks":75,"minecraft:acacia_boat":2,"minecraft:bread":48,"minecraft:air":0,"minecraft:iron_shovel":1,"minecraft:iron_leggings":1,"minecraft:acacia_planks":56,"minecraft:torch":40,"minecraft:diamond_chestplate":2},"minecraft:mined":{"minecraft:dark_oak_planks":10,"minecraft:oak_sapling":1,"quark:yellow_blossom_leaves":246,"iceandfire:copper_pile":2,"minecraft:red_nether_bricks":1,"minecraft:spruce_trapdoor":2,"minecraft:grass_block":1,"minecraft:jungle_log":18,"minecraft:spawner":6,"minecraft:magma_block":2,"minecraft:iron_ore":32,"minecraft:cobbled_deepslate":5,"minecraft:fire":2,"minecraft:target":1,"quark:blossom_planks":11,"minecraft:fletching_table":14,"minecraft:dark_oak_stairs":1,"iceandfire:gold_pile":3,"quark:vertical_blossom_planks":3,"ecologics:walnut_log":8,"minecraft:end_stone_bricks":2,"minecraft:deepslate_redstone_ore":36,"quark:vertical_jungle_planks":3,"minecraft:clay":4,"minecraft:calcite":1,"quark:blossom_log":65,"minecraft:cobblestone":29,"minecraft:oak_planks":18,"minecraft:wall_torch":5,"minecraft:amethyst_block":5,"minecraft:birch_log":18,"minecraft:light_gray_wool":2,"minecraft:grass":28,"minecraft:oak_log":107,"minecraft:sand":43,"minecraft:dirt":14,"luminousworld:grassvariant_3":3,"minecraft:stripped_birch_wood":1,"minecraft:red_mushroom_block":23,"minecraft:oak_leaves":54,"werewolves:silver_ore":5,"minecraft:deepslate":282,"minecraft:tuff":10,"iceandfire:silver_ore":4,"minecraft:deepslate_diamond_ore":32,"luminousworld:grassvariant_4":5,"minecraft:dark_oak_log":10,"born_in_chaos_v1:infected_diamond_ore":2,"minecraft:jungle_planks":4,"luminousworld:grassvariant_2":9,"luminousworld:whiteoakleaves":1,"quark:acacia_chest":1,"minecraft:spruce_leaves":1,"minecraft:moss_block":4,"minecraft:hay_block":61,"minecraft:spore_blossom":1,"minecraft:furnace":5,"minecraft:andesite":2,"minecraft:gold_block":2,"vampirism:altar_infusion":1,"minecraft:deepslate_iron_ore":11,"minecraft:vine":3,"minecraft:stripped_oak_log":1,"minecraft:bamboo":9,"minecraft:stone":246,"minecraft:white_wool":10,"minecraft:pink_terracotta":1,"quark:dark_oak_chest":1,"minecraft:dandelion":72,"minecraft:crafting_table":17,"ecologics:walnut_leaves":1,"minecraft:deepslate_gold_ore":14,"minecraft:diorite":4,"minecraft:blue_bed":2,"supplementaries:urn":5,"luminousworld:whiteoaklog":24,"minecraft:beehive":5,"minecraft:birch_leaves":4,"minecraft:coal_ore":1,"iceandfire:silver_pile":3,"luminousworld:ishstone":10,"minecraft:gravel":8,"minecraft:acacia_planks":2,"ecologics:walnut_planks":4,"minecraft:stripped_acacia_wood":17},"minecraft:used":{"minecraft:iron_shovel":43,"minecraft:shield":67,"minecraft:iron_sword":246,"minecraft:jungle_planks":18,"minecraft:beehive":5,"minecraft:birch_sapling":2,"ecologics:walnut_planks":14,"minecraft:magma_block":2,"minecraft:bow":2,"minecraft:oak_sapling":23,"minecraft:furnace":11,"minecraft:dark_oak_stairs":1,"minecraft:end_stone_bricks":2,"minecraft:mangrove_planks":12,"minecraft:stone_pickaxe":2,"minecraft:oak_planks":38,"minecraft:wooden_pickaxe":12,"minecraft:blue_bed":5,"luminousworld:groundpebbles_1":1,"minecraft:diamond_axe":165,"minecraft:jungle_boat":2,"minecraft:golden_apple":1,"minecraft:shears":9,"minecraft:bread":52,"minecraft:gravel":2,"tombstone:scroll_of_lightning_resistance":1,"minecraft:stripped_acacia_wood":2,"minecraft:stone_sword":122,"quark:vertical_jungle_planks":3,"quark:jungle_chest":1,"quark:vertical_blossom_planks":3,"minecraft:cooked_chicken":5,"minecraft:torch":49,"minecraft:dirt":20,"minecraft:target":1,"quark:yellow_blossom_sapling":1,"minecraft:granite":5,"minecraft:iron_hoe":57,"minecraft:dark_oak_planks":40,"minecraft:iron_axe":256,"minecraft:golden_carrot":4,"minecraft:soul_soil":1,"ecologics:walnut":5,"tombstone:gift":6,"quark:blossom_planks":11,"minecraft:cobbled_deepslate":99,"minecraft:acacia_planks":26,"minecraft:acacia_boat":8,"minecraft:water_bucket":63,"tombstone:scroll_of_knowledge":6,"ecologics:walnut_sapling":1,"minecraft:fletching_table":14,"luminousworld:ishstone":1,"minecraft:crafting_table":21,"supplementaries:bomb":3,"quark:acacia_chest":1,"minecraft:iron_pickaxe":777,"tombstone:magic_scroll":1,"minecraft:spruce_trapdoor":2,"minecraft:stone_axe":76,"quark:dark_oak_chest":1,"minecraft:cobblestone":206,"minecraft:cooked_porkchop":4,"minecraft:bucket":63,"minecraft:pumpkin_pie":17,"alexsmobs:animal_dictionary":1,"minecraft:dandelion":1,"minecraft:splash_potion":2},"minecraft:custom":{"minecraft:interact_with_crafting_table":79,"minecraft:open_barrel":50,"minecraft:leave_game":2,"minecraft:time_since_death":94367,"minecraft:sprint_one_cm":537307,"minecraft:damage_blocked_by_shield":3060,"minecraft:drop":215,"minecraft:talked_to_villager":62,"minecraft:play_time":247003,"minecraft:deaths":28,"minecraft:jump":3010,"minecraft:walk_on_water_one_cm":40665,"minecraft:interact_with_furnace":93,"minecraft:traded_with_villager":87,"minecraft:sleep_in_bed":7,"minecraft:damage_dealt":16060,"minecraft:crouch_one_cm":37146,"tombstone:undead_killed":33,"minecraft:interact_with_smoker":1,"minecraft:inspect_dispenser":1,"minecraft:horse_one_cm":50712,"minecraft:mob_kills":60,"minecraft:climb_one_cm":5893,"minecraft:walk_one_cm":589644,"minecraft:sneak_time":14750,"minecraft:walk_under_water_one_cm":82690,"minecraft:boat_one_cm":118524,"minecraft:total_world_time":247003,"tombstone:raider_killed":1,"minecraft:time_since_rest":42160,"minecraft:damage_absorbed":40,"minecraft:damage_taken":16283,"tombstone:cast_on_ally":0,"minecraft:swim_one_cm":35103,"minecraft:fly_one_cm":440836,"minecraft:open_chest":107,"minecraft:fall_one_cm":133695}},"DataVersion":3465}