{"stats":{"minecraft:mined":{"minecraft:dark_oak_planks":20,"minecraft:red_nether_brick_slab":2,"minecraft:white_bed":2,"minecraft:oak_sapling":1,"quark:yellow_blossom_leaves":246,"iceandfire:copper_pile":4,"minecraft:red_nether_bricks":7,"minecraft:obsidian":2,"minecraft:spruce_trapdoor":2,"minecraft:grass_block":1,"minecraft:jungle_log":18,"minecraft:spawner":6,"quark:birch_bookshelf":2,"minecraft:magma_block":2,"minecraft:dark_oak_trapdoor":1,"minecraft:iron_ore":32,"minecraft:cobbled_deepslate":5,"minecraft:fire":2,"minecraft:target":1,"quark:blossom_planks":12,"minecraft:fletching_table":14,"minecraft:stripped_dark_oak_wood":1,"minecraft:dark_oak_stairs":4,"iceandfire:gold_pile":6,"minecraft:iron_bars":5,"illagerinvasion:magic_fire":12,"ecologics:walnut_log":8,"quark:vertical_blossom_planks":3,"minecraft:end_stone_bricks":2,"minecraft:stripped_mangrove_wood":5,"minecraft:waxed_cut_copper":2,"minecraft:deepslate_redstone_ore":36,"quark:vertical_jungle_planks":3,"minecraft:clay":4,"minecraft:calcite":6,"quark:blossom_log":65,"minecraft:cobblestone":38,"minecraft:oak_planks":18,"minecraft:wall_torch":5,"minecraft:amethyst_block":5,"minecraft:birch_log":18,"minecraft:birch_trapdoor":2,"minecraft:light_gray_wool":2,"minecraft:grass":32,"minecraft:oak_log":113,"minecraft:sand":43,"minecraft:dirt":14,"luminousworld:grassvariant_3":6,"minecraft:stripped_birch_wood":1,"minecraft:red_mushroom_block":23,"werewolves:silver_ore":5,"minecraft:oak_leaves":54,"minecraft:cyan_candle":1,"minecraft:deepslate":282,"minecraft:tuff":10,"iceandfire:silver_ore":4,"minecraft:stripped_mangrove_log":3,"luminousworld:grassvariant_4":5,"minecraft:deepslate_diamond_ore":32,"minecraft:dark_oak_log":10,"born_in_chaos_v1:infected_diamond_ore":2,"minecraft:jungle_planks":4,"luminousworld:grassvariant_2":12,"luminousworld:whiteoakleaves":1,"quark:acacia_chest":1,"minecraft:spruce_leaves":5,"minecraft:moss_block":4,"minecraft:hay_block":74,"minecraft:spore_blossom":1,"minecraft:furnace":5,"minecraft:andesite":2,"minecraft:gold_block":2,"minecraft:bookshelf":4,"vampirism:altar_infusion":1,"minecraft:deepslate_iron_ore":11,"minecraft:vine":3,"minecraft:stripped_oak_log":1,"minecraft:bamboo":9,"minecraft:stone":246,"minecraft:white_wool":10,"minecraft:pink_terracotta":1,"luminousworld:soft_birch_log":10,"quark:dark_oak_chest":1,"minecraft:dandelion":72,"minecraft:crafting_table":19,"ecologics:walnut_leaves":1,"minecraft:lightning_rod":1,"minecraft:tall_grass":2,"minecraft:deepslate_gold_ore":14,"minecraft:blue_bed":2,"minecraft:diorite":4,"supplementaries:urn":5,"luminousworld:whiteoaklog":24,"minecraft:beehive":5,"minecraft:birch_leaves":4,"minecraft:mangrove_planks":2,"minecraft:mangrove_slab":12,"minecraft:coal_ore":1,"iceandfire:silver_pile":6,"luminousworld:ishstone":10,"minecraft:gravel":8,"minecraft:cobweb":24,"ecologics:walnut_planks":8,"minecraft:acacia_planks":2,"minecraft:stripped_acacia_wood":17},"minecraft:custom":{"minecraft:interact_with_crafting_table":91,"minecraft:open_barrel":56,"minecraft:eat_cake_slice":5,"minecraft:leave_game":3,"minecraft:time_since_death":10706,"minecraft:sprint_one_cm":640584,"minecraft:damage_blocked_by_shield":4860,"minecraft:drop":264,"minecraft:talked_to_villager":68,"minecraft:play_time":301610,"minecraft:deaths":29,"minecraft:jump":3619,"minecraft:walk_on_water_one_cm":51105,"minecraft:interact_with_furnace":109,"minecraft:traded_with_villager":91,"minecraft:sleep_in_bed":13,"minecraft:damage_dealt":22263,"minecraft:crouch_one_cm":46051,"tombstone:undead_killed":60,"minecraft:interact_with_smoker":1,"minecraft:inspect_dispenser":1,"minecraft:horse_one_cm":50712,"minecraft:mob_kills":99,"minecraft:damage_dealt_resisted":33,"minecraft:climb_one_cm":6521,"minecraft:walk_one_cm":717256,"minecraft:sneak_time":18878,"minecraft:walk_under_water_one_cm":85929,"minecraft:boat_one_cm":125589,"minecraft:total_world_time":301610,"tombstone:raider_killed":3,"minecraft:time_since_rest":7831,"minecraft:damage_absorbed":40,"minecraft:damage_taken":18747,"tombstone:cast_on_ally":0,"minecraft:swim_one_cm":35507,"minecraft:fly_one_cm":542269,"minecraft:open_chest":114,"minecraft:fall_one_cm":147350},"minecraft:used":{"minecraft:iron_shovel":43,"minecraft:shield":96,"minecraft:iron_sword":423,"naturalist:cooked_venison":1,"minecraft:jungle_planks":18,"minecraft:carrot":1,"minecraft:beehive":5,"minecraft:lantern":1,"minecraft:birch_sapling":2,"minecraft:mangrove_stairs":2,"ecologics:walnut_planks":17,"minecraft:birch_trapdoor":2,"minecraft:magma_block":2,"minecraft:bow":41,"quark:birch_bookshelf":2,"minecraft:oak_sapling":23,"minecraft:furnace":12,"minecraft:mangrove_slab":1,"minecraft:dark_oak_stairs":1,"minecraft:end_stone_bricks":2,"minecraft:oak_planks":44,"minecraft:stone_pickaxe":2,"minecraft:mangrove_planks":33,"minecraft:blue_bed":5,"minecraft:wooden_pickaxe":12,"minecraft:diamond_axe":238,"luminousworld:groundpebbles_1":1,"minecraft:jungle_boat":2,"minecraft:golden_apple":1,"minecraft:stripped_mangrove_wood":2,"minecraft:mushroom_stew":1,"minecraft:shears":9,"minecraft:lightning_rod":1,"quark:blossom_boat":3,"minecraft:bread":92,"minecraft:gravel":2,"minecraft:chain":1,"tombstone:scroll_of_lightning_resistance":1,"minecraft:stripped_acacia_wood":2,"minecraft:stone_sword":122,"quark:vertical_jungle_planks":3,"quark:jungle_chest":1,"quark:vertical_blossom_planks":3,"minecraft:cooked_chicken":5,"minecraft:torch":49,"minecraft:red_nether_brick_slab":2,"minecraft:dirt":20,"minecraft:target":1,"quark:yellow_blossom_sapling":1,"minecraft:granite":5,"minecraft:iron_hoe":70,"minecraft:dark_oak_planks":42,"minecraft:waxed_cut_copper":2,"minecraft:iron_axe":256,"minecraft:polished_deepslate_wall":1,"minecraft:red_candle":10,"minecraft:golden_carrot":4,"minecraft:soul_soil":1,"ecologics:walnut":5,"tombstone:gift":7,"quark:blossom_planks":14,"minecraft:cobbled_deepslate":99,"minecraft:acacia_planks":26,"minecraft:calcite":2,"minecraft:acacia_boat":8,"minecraft:water_bucket":64,"tombstone:scroll_of_knowledge":6,"minecraft:birch_planks":2,"minecraft:red_nether_bricks":10,"ecologics:walnut_sapling":1,"minecraft:fletching_table":14,"luminousworld:ishstone":1,"minecraft:crafting_table":25,"quark:acacia_chest":1,"supplementaries:bomb":3,"minecraft:white_bed":3,"minecraft:cake":2,"minecraft:diamond_pickaxe":2,"minecraft:iron_pickaxe":815,"tombstone:magic_scroll":1,"minecraft:spruce_trapdoor":2,"minecraft:stone_axe":76,"quark:dark_oak_chest":1,"minecraft:cobblestone":222,"minecraft:cooked_porkchop":4,"minecraft:bucket":64,"minecraft:pumpkin_pie":17,"alexsmobs:animal_dictionary":1,"minecraft:dandelion":1,"minecraft:splash_potion":2},"minecraft:crafted":{"minecraft:oak_planks":428,"naturalist:cooked_venison":2,"minecraft:cooked_chicken":3,"ecologics:walnut_planks":32,"minecraft:bookshelf":3,"minecraft:glass":32,"minecraft:diamond_helmet":1,"minecraft:bow":13,"minecraft:diamond_leggings":2,"minecraft:iron_boots":2,"supplementaries:flute":1,"minecraft:glass_bottle":30,"minecraft:emerald":74,"sophisticatedbackpacks:backpack":1,"quark:blossom_planks":233,"minecraft:cooked_porkchop":4,"minecraft:diamond_axe":1,"minecraft:crafting_table":6,"minecraft:jungle_boat":1,"minecraft:wooden_pickaxe":1,"minecraft:iron_helmet":1,"quark:vertical_jungle_planks":3,"minecraft:copper_ingot":9,"minecraft:birch_planks":112,"minecraft:string":8,"minecraft:iron_chestplate":1,"minecraft:diamond_pickaxe":1,"minecraft:shield":3,"sophisticatedbackpacks:diamond_backpack":1,"minecraft:stick":1456,"minecraft:iron_ingot":81,"minecraft:iron_pickaxe":4,"minecraft:stone_sword":1,"minecraft:gold_ingot":34,"minecraft:netherite_ingot":1,"minecraft:shears":6,"minecraft:cherry_planks":8,"quark:vertical_blossom_planks":3,"quark:jungle_chest":1,"minecraft:furnace":7,"quark:dark_oak_chest":1,"quark:acacia_chest":1,"minecraft:leather":11,"minecraft:iron_axe":1,"luminousworld:white_oak_plank":4,"minecraft:iron_hoe":2,"minecraft:stone_pickaxe":1,"minecraft:diamond_boots":1,"minecraft:dark_oak_planks":44,"quark:birch_bookshelf":2,"minecraft:wheat":99,"sophisticatedbackpacks:iron_backpack":1,"minecraft:crossbow":6,"minecraft:iron_sword":2,"werewolves:silver_ingot":13,"securitycraft:taser":1,"sophisticatedbackpacks:gold_backpack":1,"minecraft:mangrove_planks":32,"minecraft:bucket":1,"minecraft:stone_axe":1,"quark:blossom_boat":1,"minecraft:jungle_planks":75,"minecraft:acacia_boat":2,"minecraft:bread":48,"minecraft:air":0,"minecraft:white_wool":3,"minecraft:iron_shovel":1,"minecraft:iron_leggings":1,"minecraft:white_bed":1,"minecraft:acacia_planks":56,"minecraft:torch":40,"minecraft:diamond_chestplate":2},"minecraft:dropped":{"minecraft:iron_sword":1,"iceandfire:raw_silver":4,"minecraft:moss_block":1,"minecraft:brown_mushroom":6,"minecraft:dark_oak_stairs":1,"minecraft:chorus_fruit":17,"minecraft:red_nether_brick_slab":4,"minecraft:stripped_birch_wood":1,"minecraft:jungle_planks":21,"minecraft:mangrove_planks":2,"minecraft:red_mushroom":10,"minecraft:flint":2,"ecologics:walnut_planks":11,"minecraft:dirt":8,"minecraft:dark_oak_trapdoor":1,"minecraft:pumpkin_pie":10,"minecraft:iron_pickaxe":1,"minecraft:dark_oak_planks":4,"minecraft:mangrove_slab":12,"minecraft:cyan_carpet":4,"minecraft:bone":18,"minecraft:gravel":7,"minecraft:note_block":2,"minecraft:stone_axe":1,"minecraft:spyglass":1,"minecraft:cobbled_deepslate":1211,"undead_revamp2:arapholia":1,"naturalist:cooked_venison":1,"minecraft:wheat":10,"minecraft:obsidian":2,"minecraft:rotten_flesh":11,"werewolves:raw_silver":4,"minecraft:mangrove_sign":1,"minecraft:salmon":1,"minecraft:carrot":22,"minecraft:chainmail_chestplate":2,"supplementaries:ash":8,"born_in_chaos_v1:corpse_maggot":12,"minecraft:birch_door":4,"minecraft:red_nether_bricks":6,"minecraft:iron_bars":5,"minecraft:arrow":6,"minecraft:beef":2,"vampirism:item_garlic":12,"minecraft:enchanted_book":1,"minecraft:iron_ingot":5,"minecraft:bread":52,"minecraft:wheat_seeds":5,"luminousworld:ishstone":22,"vampirism:pure_salt":1,"quark:blossom_planks":3,"minecraft:diamond_leggings":1,"minecraft:iron_helmet":2,"minecraft:cobblestone":27,"minecraft:amethyst_block":16,"minecraft:coal":3,"werewolves:silver_ingot":13,"minecraft:stick":2,"minecraft:iron_block":1,"minecraft:diorite":4,"tombstone:grave_key":1,"minecraft:brown_wool":1,"minecraft:diamond_helmet":1,"tombstone:grave_dust":11,"minecraft:potion":1,"minecraft:string":8,"vampirism:garlic_bread":1,"minecraft:acacia_planks":1,"minecraft:redstone":9,"minecraft:smooth_basalt":33,"minecraft:dark_oak_sign":3,"minecraft:bowl":3,"minecraft:tuff":161,"supplementaries:bomb":2,"iceandfire:witherbone":1,"minecraft:raw_iron":1,"minecraft:light_gray_wool":2,"minecraft:clay_ball":24,"minecraft:iron_boots":3,"minecraft:iron_hoe":3,"minecraft:flint_and_steel":1,"minecraft:potato":3,"minecraft:hay_block":13,"minecraft:sea_pickle":3,"minecraft:diamond_chestplate":1,"minecraft:iron_chestplate":2,"luminousworld:groundpebbles_1":3,"minecraft:andesite":2,"minecraft:diamond_boots":1,"minecraft:stone_pickaxe":2,"minecraft:calcite":82,"supplementaries:flute":3},"minecraft:killed_by":{"minecraft:zombie":1},"minecraft:picked_up":{"minecraft:iron_chestplate":2,"minecraft:birch_door":4,"minecraft:wheat":17,"minecraft:potion":1,"minecraft:enchanted_book":1,"tombstone:grave_key":1,"minecraft:polished_deepslate_wall":1,"minecraft:amethyst_block":16,"minecraft:string":47,"minecraft:dark_oak_trapdoor":1,"minecraft:soul_soil":1,"minecraft:raw_copper":9,"minecraft:red_nether_bricks":16,"minecraft:red_candle":10,"minecraft:sea_pickle":3,"minecraft:gold_nugget":36,"minecraft:cobbled_deepslate":1447,"minecraft:calcite":84,"minecraft:iron_boots":2,"minecraft:furnace":6,"minecraft:beehive":5,"minecraft:stick":22,"ecologics:walnut_log":8,"minecraft:birch_trapdoor":2,"minecraft:lightning_rod":1,"minecraft:torch":9,"quark:blossom_log":58,"minecraft:porkchop":2,"minecraft:target":1,"minecraft:cherry_log":2,"minecraft:diorite":4,"tombstone:grave_dust":25,"quark:blossom_planks":17,"minecraft:pink_terracotta":1,"minecraft:mangrove_stairs":3,"minecraft:rotten_flesh":29,"luminousworld:soft_birch_log":10,"supplementaries:ash":8,"minecraft:waxed_cut_copper":2,"minecraft:stripped_birch_wood":1,"minecraft:obsidian":2,"minecraft:iron_bars":5,"undead_revamp2:arapholia":1,"minecraft:cobblestone":313,"minecraft:birch_log":18,"ecologics:walnut_planks":14,"minecraft:magma_block":2,"ecologics:walnut":5,"minecraft:andesite":2,"minecraft:jungle_log":18,"minecraft:brown_wool":1,"alexsmobs:bear_fur":1,"minecraft:potato":1,"minecraft:flint":2,"minecraft:tuff":229,"supplementaries:flute":2,"minecraft:acacia_boat":6,"skilltree:gem":17,"minecraft:mangrove_slab":15,"minecraft:dirt":28,"minecraft:lantern":1,"born_in_chaos_v1:monster_skin":1,"minecraft:bone":47,"minecraft:acacia_planks":2,"minecraft:wheat_seeds":4,"minecraft:raw_gold":14,"vampirism:item_garlic":9,"minecraft:dark_oak_sign":3,"minecraft:fletching_table":14,"minecraft:bamboo":58,"minecraft:moss_block":1,"minecraft:oak_planks":18,"minecraft:stripped_acacia_wood":16,"minecraft:sand":43,"minecraft:jungle_planks":14,"minecraft:dark_oak_log":10,"minecraft:bundle":2,"minecraft:iron_hoe":3,"naturalist:antler":1,"minecraft:diamond":34,"minecraft:granite":5,"minecraft:emerald":10,"minecraft:bread":126,"werewolves:cracked_bone":7,"minecraft:oak_sapling":25,"iceandfire:silver_nugget":20,"quark:blossom_boat":3,"iceandfire:raw_silver":4,"minecraft:end_stone_bricks":2,"luminousworld:groundpebbles_1":4,"born_in_chaos_v1:diamond_termite_shard":5,"minecraft:crafting_table":19,"iceandfire:witherbone":2,"minecraft:clay_ball":24,"naturalist:venison":2,"minecraft:brown_mushroom":6,"minecraft:gold_block":2,"minecraft:chain":1,"quark:dark_oak_chest":1,"minecraft:stripped_mangrove_log":3,"minecraft:cyan_carpet":4,"ecologics:walnut_sapling":1,"minecraft:beef":5,"minecraft:light_gray_wool":2,"quark:yellow_blossom_sapling":3,"minecraft:birch_sapling":2,"minecraft:spruce_trapdoor":2,"minecraft:raw_iron":88,"minecraft:stripped_mangrove_wood":7,"minecraft:copper_ingot":11,"minecraft:bowl":2,"minecraft:note_block":2,"quark:jungle_chest":1,"werewolves:raw_silver":17,"minecraft:mangrove_sign":1,"born_in_chaos_v1:pieceofdarkmetal":1,"minecraft:carrot":3,"minecraft:redstone":231,"minecraft:dark_oak_planks":23,"quark:vertical_jungle_planks":3,"minecraft:arrow":111,"quark:acacia_chest":1,"minecraft:hay_block":74,"minecraft:stripped_dark_oak_wood":1,"minecraft:white_wool":20,"born_in_chaos_v1:fused_bone":1,"minecraft:stripped_oak_log":1,"born_in_chaos_v1:corpse_maggot":12,"minecraft:jungle_boat":1,"born_in_chaos_v1:monster_flesh":3,"minecraft:salmon":1,"luminousworld:ishstone":23,"minecraft:leather":8,"minecraft:red_mushroom":10,"minecraft:oak_log":110,"minecraft:chainmail_chestplate":2,"minecraft:blue_bed":2,"vampirism:human_heart":2,"minecraft:apple":4,"minecraft:iron_ingot":1,"minecraft:stone_pickaxe":1,"minecraft:cooked_chicken":1,"minecraft:mangrove_planks":5,"minecraft:iron_sword":1,"minecraft:dark_oak_stairs":2,"minecraft:book":20,"iceandfire:copper_nugget":28,"minecraft:smooth_basalt":33,"born_in_chaos_v1:ethereal_spirit":2,"minecraft:dandelion":70,"minecraft:gravel":9,"born_in_chaos_v1:dark_rod":1,"minecraft:white_bed":2,"vampirism:altar_infusion":1,"luminousworld:whiteoaklog":24,"minecraft:iron_helmet":2,"minecraft:red_nether_brick_slab":6,"tombstone:magic_scroll":3,"quark:vertical_blossom_planks":3,"minecraft:coal":7},"minecraft:broken":{"aether:golden_gloves":1,"minecraft:iron_leggings":1,"minecraft:iron_sword":1,"minecraft:golden_chestplate":1,"minecraft:stone_sword":1,"minecraft:shield":2,"minecraft:iron_axe":1,"minecraft:iron_pickaxe":2},"minecraft:killed":{"vampirism:vampire":2,"born_in_chaos_v1:restless_spirit":1,"born_in_chaos_v1:zombie_lumberjack":1,"enemyexpansion:equestrian":1,"undead_revamp2:thesmoker":3,"minecraft:skeleton":23,"minecraft:bee":1,"luminousworld:dark_oak_skeleton":2,"minecraft:silverfish":1,"undead_revamp2:therod":1,"undead_revamp2:thespitter":1,"minecraft:pig":1,"alexsmobs:grizzly_bear":1,"born_in_chaos_v1:diamond_termite":4,"vampirism:hunter":2,"born_in_chaos_v1:zombie_fisherman":1,"enemyexpansion:meature":1,"minecraft:zombie":9,"born_in_chaos_v1:dread_hound":2,"illagerinvasion:sorcerer":1,"born_in_chaos_v1:corpse_fly":4,"enemyexpansion:botfly":1,"luminousworld:dark_oak_zombie":2,"enemyexpansion:wasp":1,"born_in_chaos_v1:siamese_skeletonsleft":1,"minecraft:vindicator":1,"enemyexpansion:direwolf":4,"born_in_chaos_v1:zombie_bruiser":1,"born_in_chaos_v1:maggot":3,"minecraft:phantom":1,"naturalist:deer":1,"takesapillage:clay_golem":1,"born_in_chaos_v1:corpse_fish":1,"friendsandfoes:copper_golem":2,"undead_revamp2:the_moonflower":1,"enemyexpansion:sprinter":2,"earthmobsmod:cream_cow":1,"born_in_chaos_v1:decrepit_skeleton":2,"earthmobsmod:wooly_cow":1,"born_in_chaos_v1:dark_vortex":1,"minecraft:wither_skeleton":6,"enemyexpansion:slugger":1}},"DataVersion":3465}