{
  "iceandfire:iceandfire/root": {
    "criteria": {
      "tick": "2024-10-02 03:23:22 +0000"
    },
    "done": true
  },
  "takesapillage:root": {
    "criteria": {
      "always": "2024-10-02 03:23:22 +0000"
    },
    "done": true
  },
  "explorerscompass:explorers_compass_cracked_stone_bricks": {
    "criteria": {
      "has_recipe": "2024-10-02 03:23:22 +0000"
    },
    "done": true
  },
  "dungeons_arise:wda_root": {
    "criteria": {
      "WDA": "2024-10-02 03:23:22 +0000"
    },
    "done": true
  },
  "undead_revamp2:theundeadchallenges": {
    "criteria": {
      "theundeadchallenges": "2024-10-02 03:23:22 +0000"
    },
    "done": true
  },
  "friendsandfoes:misc/yellow_dye_from_buttercup": {
    "criteria": {
      "has_the_recipe": "2024-10-02 03:23:22 +0000"
    },
    "done": true
  },
  "naturescompass:natures_compass_log": {
    "criteria": {
      "has_recipe": "2024-10-02 03:23:22 +0000"
    },
    "done": true
  },
  "naturescompass:natures_compass": {
    "criteria": {
      "has_recipe": "2024-10-02 03:23:22 +0000"
    },
    "done": true
  },
  "naturescompass:natures_compass_sapling": {
    "criteria": {
      "has_recipe": "2024-10-02 03:23:22 +0000"
    },
    "done": true
  },
  "mowziesmobs:root": {
    "criteria": {
      "custom_test_name": "2024-10-02 03:23:22 +0000"
    },
    "done": true
  },
  "betterdungeons:root": {
    "criteria": {
      "always": "2024-10-02 03:23:22 +0000"
    },
    "done": true
  },
  "placeablesmod:placeables": {
    "criteria": {
      "placeables": "2024-10-02 03:23:22 +0000"
    },
    "done": true
  },
  "explorerscompass:explorers_compass_cobweb": {
    "criteria": {
      "has_recipe": "2024-10-02 03:23:22 +0000"
    },
    "done": true
  },
  "eeeabsmobs:eeeabsmobs/root": {
    "criteria": {
      "requirement": "2024-10-02 03:23:22 +0000"
    },
    "done": true
  },
  "betterdeserttemples:root": {
    "criteria": {
      "always": "2024-10-02 03:23:22 +0000"
    },
    "done": true
  },
  "cataclysm:root": {
    "criteria": {
      "custom_test_name": "2024-10-02 03:23:22 +0000"
    },
    "done": true
  },
  "incendium:technical/new_player": {
    "criteria": {
      "requirement": "2024-10-02 03:23:22 +0000"
    },
    "done": true
  },
  "explorerscompass:explorers_compass": {
    "criteria": {
      "has_recipe": "2024-10-02 03:23:22 +0000"
    },
    "done": true
  },
  "incendium:technical/scroll_of_returning": {
    "criteria": {
      "log_spam_fixer": "2024-10-02 03:23:23 +0000"
    },
    "done": false
  },
  "incendium:technical/using/ragnarok": {
    "criteria": {
      "log_spam_fixer": "2024-10-02 03:23:23 +0000"
    },
    "done": false
  },
  "incendium:technical/using/trailblazer": {
    "criteria": {
      "log_spam_fixer": "2024-10-02 03:23:23 +0000"
    },
    "done": false
  },
  "minecraft:adventure/adventuring_time": {
    "criteria": {
      "minecraft:taiga": "2024-10-02 15:13:33 +0000",
      "minecraft:deep_ocean": "2024-10-02 03:43:46 +0000",
      "minecraft:birch_forest": "2024-10-02 03:45:30 +0000",
      "minecraft:bamboo_jungle": "2024-10-02 03:23:23 +0000",
      "minecraft:savanna_plateau": "2024-10-02 21:11:32 +0000",
      "minecraft:beach": "2024-10-02 03:44:43 +0000",
      "minecraft:dark_forest": "2024-10-02 03:51:21 +0000",
      "minecraft:lukewarm_ocean": "2024-10-02 03:42:17 +0000",
      "minecraft:river": "2024-10-02 03:59:29 +0000",
      "minecraft:dripstone_caves": "2024-10-02 20:30:17 +0000",
      "minecraft:grove": "2024-10-02 21:25:39 +0000",
      "minecraft:forest": "2024-10-02 19:15:27 +0000",
      "minecraft:lush_caves": "2024-10-02 03:57:03 +0000",
      "minecraft:ocean": "2024-10-02 03:42:37 +0000",
      "minecraft:jungle": "2024-10-02 21:16:40 +0000",
      "minecraft:old_growth_birch_forest": "2024-10-02 03:45:06 +0000",
      "minecraft:meadow": "2024-10-02 21:17:59 +0000",
      "minecraft:savanna": "2024-10-02 21:09:08 +0000",
      "minecraft:plains": "2024-10-02 19:15:50 +0000"
    },
    "done": false
  },
  "incendium:technical/using/shield": {
    "criteria": {
      "log_spam_fixer": "2024-10-02 03:23:23 +0000"
    },
    "done": false
  },
  "tombstone:adventure/root": {
    "criteria": {
      "auto": "2024-10-02 03:23:23 +0000"
    },
    "done": true
  },
  "minecraft:story/root": {
    "criteria": {
      "crafting_table": "2024-10-02 03:31:17 +0000"
    },
    "done": true
  },
  "minecraft:story/mine_stone": {
    "criteria": {
      "get_stone": "2024-10-02 03:31:50 +0000"
    },
    "done": true
  },
  "minecraft:story/upgrade_tools": {
    "criteria": {
      "stone_pickaxe": "2024-10-02 03:31:57 +0000"
    },
    "done": true
  },
  "mutantmonsters:root": {
    "criteria": {
      "killed_something": "2024-10-02 03:36:44 +0000"
    },
    "done": true
  },
  "minecraft:adventure/root": {
    "criteria": {
      "killed_something": "2024-10-02 03:36:44 +0000"
    },
    "done": true
  },
  "tombstone:adventure/first_grave": {
    "criteria": {
      "coded_trigger": "2024-10-02 03:38:24 +0000"
    },
    "done": true
  },
  "tombstone:recipes/from_grave_key": {
    "criteria": {
      "has_ingredient": "2024-10-02 03:38:25 +0000"
    },
    "done": true
  },
  "tombstone:adventure/cancel_ghostly_shape": {
    "criteria": {
      "coded_trigger": "2024-10-02 03:38:32 +0000"
    },
    "done": true
  },
  "tombstone:adventure/chain_death": {
    "criteria": {
      "coded_trigger": "2024-10-02 03:39:27 +0000"
    },
    "done": true
  },
  "tombstone:adventure/first_knowledge": {
    "criteria": {
      "coded_trigger": "2024-10-02 03:39:27 +0000"
    },
    "done": true
  },
  "tombstone:recipes/from_grave_dust": {
    "criteria": {
      "has_ingredient": "2024-10-02 03:42:38 +0000"
    },
    "done": true
  },
  "vampirism:main/root": {
    "criteria": {
      "second": "2024-10-02 03:45:50 +0000"
    },
    "done": true
  },
  "minecraft:story/smelt_iron": {
    "criteria": {
      "iron": "2024-10-02 03:46:02 +0000"
    },
    "done": true
  },
  "minecraft:adventure/sleep_in_bed": {
    "criteria": {
      "slept_in_bed": "2024-10-02 03:51:42 +0000"
    },
    "done": true
  },
  "minecraft:story/obtain_armor": {
    "criteria": {
      "iron_boots": "2024-10-02 05:21:25 +0000"
    },
    "done": true
  },
  "dungeons_arise:find_heavenly_conqueror": {
    "criteria": {
      "location0": "2024-10-02 05:22:00 +0000"
    },
    "done": true
  },
  "minecraft:adventure/kill_all_mobs": {
    "criteria": {
      "minecraft:skeleton": "2024-10-02 05:23:55 +0000",
      "minecraft:spider": "2024-10-02 20:50:11 +0000",
      "minecraft:wither_skeleton": "2024-10-02 05:35:00 +0000",
      "minecraft:zombie": "2024-10-02 05:23:57 +0000"
    },
    "done": false
  },
  "minecraft:adventure/kill_a_mob": {
    "criteria": {
      "minecraft:skeleton": "2024-10-02 05:23:55 +0000"
    },
    "done": true
  },
  "minecraft:husbandry/balanced_diet": {
    "criteria": {
      "cooked_mutton": "2024-10-02 19:16:43 +0000",
      "cooked_beef": "2024-10-02 05:54:27 +0000",
      "baked_potato": "2024-10-02 19:19:10 +0000",
      "supplementaries:candy": "2024-10-02 19:56:27 +0000",
      "bread": "2024-10-02 05:24:18 +0000",
      "golden_apple": "2024-10-02 15:46:16 +0000",
      "rotten_flesh": "2024-10-02 05:27:08 +0000"
    },
    "done": false
  },
  "minecraft:husbandry/root": {
    "criteria": {
      "consumed_item": "2024-10-02 05:24:18 +0000"
    },
    "done": true
  },
  "tombstone:adventure/strong_or_careful": {
    "criteria": {
      "coded_trigger": "2024-10-02 05:25:18 +0000"
    },
    "done": true
  },
  "tombstone:adventure/ashes_and_bones": {
    "criteria": {
      "coded_trigger": "2024-10-02 05:26:45 +0000"
    },
    "done": true
  },
  "tombstone:adventure/discreet_search": {
    "criteria": {
      "coded_trigger": "2024-10-02 05:27:55 +0000"
    },
    "done": true
  },
  "minecraft:story/mine_diamond": {
    "criteria": {
      "diamond": "2024-10-02 05:32:18 +0000"
    },
    "done": true
  },
  "undead_revamp2:earthyblood": {
    "criteria": {
      "earthyblood": "2024-10-02 05:36:46 +0000"
    },
    "done": true
  },
  "minecraft:story/shiny_gear": {
    "criteria": {
      "diamond_boots": "2024-10-02 05:44:24 +0000"
    },
    "done": true
  },
  "minecraft:story/iron_tools": {
    "criteria": {
      "iron_pickaxe": "2024-10-02 05:49:23 +0000"
    },
    "done": true
  },
  "supplementaries:adventure/way_sign": {
    "criteria": {
      "bastion": "2024-10-02 05:49:50 +0000"
    },
    "done": true
  },
  "dungeons_arise:find_bathhouse": {
    "criteria": {
      "location0": "2024-10-02 15:23:04 +0000"
    },
    "done": true
  },
  "tombstone:adventure/find_grave_dust": {
    "criteria": {
      "from_undead": "2024-10-02 15:24:43 +0000"
    },
    "done": true
  },
  "tombstone:adventure/bone_crusher": {
    "criteria": {
      "coded_trigger": "2024-10-02 15:34:10 +0000"
    },
    "done": true
  },
  "minecraft:story/deflect_arrow": {
    "criteria": {
      "deflected_projectile": "2024-10-02 18:51:08 +0000"
    },
    "done": true
  },
  "alexsmobs:alexsmobs/grizzly_bear": {
    "criteria": {
      "killed_by": "2024-10-02 19:13:27 +0000"
    },
    "done": true
  },
  "undead_revamp2:cloggeradvance": {
    "criteria": {
      "cloggeradvance": "2024-10-02 20:57:05 +0000"
    },
    "done": true
  },
  "minecraft:story/lava_bucket": {
    "criteria": {
      "lava_bucket": "2024-10-02 21:28:30 +0000"
    },
    "done": true
  },
  "minecraft:husbandry/tame_an_animal": {
    "criteria": {
      "tamed_animal": "2024-10-02 20:09:18 +0000"
    },
    "done": true
  },
  "minecraft:husbandry/bred_all_animals": {
    "criteria": {
      "minecraft:cow": "2024-10-02 20:01:27 +0000",
      "minecraft:pig": "2024-10-02 20:01:41 +0000",
      "minecraft:sheep": "2024-10-02 20:00:58 +0000"
    },
    "done": false
  },
  "minecraft:story/form_obsidian": {
    "criteria": {
      "obsidian": "2024-10-02 20:56:36 +0000"
    },
    "done": true
  },
  "minecraft:husbandry/wax_off": {
    "criteria": {
      "wax_off": "2024-10-02 20:07:47 +0000"
    },
    "done": true
  },
  "betterdungeons:all_dungeons": {
    "criteria": {
      "in_better_monster_room": "2024-10-02 21:12:11 +0000"
    },
    "done": false
  },
  "iceandfire:iceandfire/dragonsteel_weapon": {
    "criteria": {
      "sword": "2024-10-02 20:44:17 +0000"
    },
    "done": true
  },
  "alexscaves:alexscaves/root": {
    "criteria": {
      "underground_cabin": "2024-10-02 21:09:10 +0000"
    },
    "done": true
  },
  "betterdungeons:small_dungeon": {
    "criteria": {
      "in_better_monster_room": "2024-10-02 21:12:11 +0000"
    },
    "done": true
  },
  "minecraft:husbandry/plant_seed": {
    "criteria": {
      "wheat": "2024-10-02 20:00:35 +0000"
    },
    "done": true
  },
  "iceandfire:iceandfire/kill_if_dragon": {
    "criteria": {
      "killed_fire_dragon": "2024-10-02 20:44:39 +0000"
    },
    "done": true
  },
  "tombstone:adventure/create_magic_scroll": {
    "criteria": {
      "has_magic_scroll": "2024-10-02 21:12:27 +0000"
    },
    "done": true
  },
  "tombstone:adventure/mutual_aid": {
    "criteria": {
      "coded_trigger": "2024-10-02 20:50:22 +0000"
    },
    "done": true
  },
  "minecraft:husbandry/breed_an_animal": {
    "criteria": {
      "bred": "2024-10-02 20:00:58 +0000"
    },
    "done": true
  },
  "DataVersion": 3465
}